firstname,lastname,phone,email
Sopoline,Kane,1-211-481-9712,placerat@risus.net
Barry,Neville,1-786-599-9174,porttitor.scelerisque@Crasdictum.net
Gillian,Nero,1-322-884-1947,Phasellus.dapibus.quam@metus.net
Karyn,Ralph,1-501-910-7145,aliquet.vel.vulputate@tellus.org
Ava,Lucius,1-494-134-9626,odio.Etiam@fringillaDonec.ca
Marcia,Kyle,1-757-391-1034,vitae.orci@anteMaecenas.net
Yeo,Brenden,1-952-650-7714,habitant@Duisdignissim.net
Stephen,Burke,1-642-881-6403,enim.condimentum.eget@sit.net
Charlotte,Phelan,1-969-271-8302,diam.eu@auctor.ca