PaymentRecordID,ID,PropertyID,Property,BankStatementDate,ReconDate,PayorID,PayorName,BeforeSplitAmount,PaidAmount,FormattedPaidAmount,PaymentType,CurrencyBeforeSplitAmount,TransactionFee,ServiceFee,Status,AfterSplitAmount,AfterSplitAmountVAT,CurrencyAfterSplitAmount,BenType,BenID,BeneficiaryName,TransferredDate,RemitID,RemitStatus,DiffAmount,TransferredDateMonth,BalanceAmount,AdjustmentAmount,AdjustedAmount,BenDescription,BenReference,ResponsibleAgent,BeneficiaryType,DepRef,PartOfAmount
"16919506","14743053","139244","Unit no 107 Bryanson","2016-01-18","2016-01-19","395547","Gamley, Marna","","1330.00","1330.00","Transfer","ZAR","2.95","13.30","Paid","0.00","","ZAR","C","872","Storage Genie Bryanston","2016-01-19","","Not approved","","","","","","","","Storage Genie","","AUC299","",
"16919507","14743053","139244","Unit no 107 Bryanson","2016-01-18","2016-01-19","395547","Gamley, Marna","","1330.00","1330.00","Transfer","ZAR","3.20","0.00","Paid","1330.00","","ZAR","B","195416","Vaxirox PTY Ltd","2016-01-19","","Not approved","","","","","","Unit no 107 Bryanson","Unit no 107 Bryanson","Storage Genie","Owner","AUC299","",
"16919504","14743048","146344","Unit no 39A Bryanston","2016-01-18","2016-01-19","395547","Gamley, Marna","","1850.00","1850.00","Transfer","ZAR","2.95","18.50","Paid","0.00","","ZAR","C","872","Storage Genie Bryanston","2016-01-19","","Not approved","","","","","","","","Storage Genie","","AUC306","",
"16919505","14743048","146344","Unit no 39A Bryanston","2016-01-18","2016-01-19","395547","Gamley, Marna","","1850.00","1850.00","Transfer","ZAR","3.20","0.00","Paid","1850.00","227.18","ZAR","B","195416","Vaxirox PTY Ltd","2016-01-19","","Not approved","","","","",""," Unit no 39A Bryanston","Unit no 39A Bryanston","Storage Genie","Owner","AUC306","",
"16919518","14743069","143114","Unit no 69 Bryanston","2016-01-18","2016-01-19","307614","Allflex SA (Pty) Ltd","","120.00","120.00","Transfer","ZAR","2.95","1.20","Paid","0.00","","ZAR","C","872","Storage Genie Bryanston","2016-01-19","","Not approved","","","","","","","","Storage Genie","","AUC232","",
"16919519","14743069","143114","Unit no 69 Bryanston","2016-01-18","2016-01-19","307614","Allflex SA (Pty) Ltd","","120.00","120.00","Transfer","ZAR","3.20","0.00","Paid","120.00","","ZAR","B","195416","Vaxirox PTY Ltd","2016-01-19","","Not approved","","","","","","Unit no 69 Bryanston","Unit no 69 Bryanston","Storage Genie","Owner","AUC232","",
