Property,Date,Type,Invoice Type,Tenant,Description,Amount,VAT,Ref no
"Open Parking 1 - 6 Rivonia","2014-08-01","Invoice","Rent","GCS Water and Enviroment (Pty) Ltd","Inv Rent","-8,100.00","-994.74","10405541"
"P1 Rivonia","2014-08-01","Invoice","Rent","Greenstone Auctioneers","Rent","-600.00","-67.54","10388750"
"P2 Rivonia","2014-08-01","Invoice","Rent","Daniels, Leon","Rent","-600.00","-73.68","10471699"
"P3 Rivonia","2014-08-01","Invoice","Rent","Hefer, Desmond","INV RENT","-475.00","-58.33","10471700"
"P4 Rivonia","2014-08-01","Invoice","Rent","Weston, Robert","INV RENT","-475.00","-58.33","10471701"
"P5 Rivonia","2014-08-01","Invoice","Rent","Bandey, John","INV RENT","-475.00","-58.33","10471702"
"P6 Rivonia","2014-08-01","Invoice","Rent","Bandey, John","INV RENT","-475.00","-58.33","10471703"
"Unit no 1 Rivonia","2014-08-01","Invoice","Rent","Buthelezi, Happy-Girl Nonhlanhla","Inv Rent","-6,600.00","-810.53","10406278"
"Unit no 10 Rivonia","2014-08-01","Invoice","Rent","Rivonia Boulevard Service Station cc","Rent","-1,100.00","-128.95","10472852"
"Unit no 100 Rivonia","2014-08-01","Invoice","Rent","Whittaker, Andrew","Inv Rent","-1,750.00","-214.91","10405135"
"Unit no 101 Rivonia","2014-08-01","Invoice","Rent","Shaw, Gail","INV RENT","-1,100.00","-128.95","10400980"
"Unit no 102 Rivonia","2014-08-01","Invoice","Rent","David, Aneesa","INV RENT","-1,100.00","-128.95","10471708"
"Unit no 103 Rivonia","2014-08-01","Invoice","Rent","Pappalardo, Katya","INV RENT","-1,210.00","-141.23","10471709"
"Unit no 104 Rivonia","2014-08-01","Invoice","Rent","Kahanga, Beatrice","Rent","-950.00","-104.39","10388753"
"Unit no 104 Rivonia","2014-08-19","Invoice","Other","Kahanga, Beatrice","LOD","-31.30","-3.84","10593736"
"Unit no 106 Rivonia","2014-08-13","Invoice","Rent","Lotus Costume Design cc","Inv Rent - August 2014","-4,000.00","-491.23","10577993"
"Unit no 106 Rivonia","2014-08-13","Invoice","Deposit","Lotus Costume Design cc","Deposit","-4,000.00","","10577996"
"Unit no 106 Rivonia","2014-08-13","Invoice","Other","Lotus Costume Design cc","Admin Once Off","-100.00","-12.28","10577998"
"Unit no 107 Rivonia","2014-08-01","Invoice","Rent","Watson, Michelle","Rent","-850.00","-95.79","10399831"
"Unit no 108 Rivonia","2014-08-01","Invoice","Rent","Lotus Costume Design cc","INV RENT - annually","-21,420.00","-2630.53","10417653"
"Unit no 108 Rivonia","2014-08-13","Invoice","Rent","Bandey, John","Inv Rent - August 2014","-1,785.01","-219.21","10578079"
"Unit no 108 Rivonia","2014-08-13","Invoice","Deposit","Bandey, John","Deposit","-1,785.00","","10578084"
"Unit no 109 Rivonia","2014-08-01","Invoice","Rent","Health and Fitness Professionals Academy","Rent","-1,890.00","-232.11","10383681"
"Unit no 11 Rivonia","2014-08-01","Invoice","Rent","Digicards Today cc","INV RENT","-1,100.00","-128.95","10471710"
"Unit no 110 Rivonia","2014-08-01","Invoice","Rent","Mankazana, Zwelakhe","Rent","-1,260.00","-147.37","10399832"
"Unit no 111 Rivonia","2014-08-01","Invoice","Rent","Sodexo Southern Africa (Pty) Ltd","Inv Rent","-1,785.00","-219.21","10485749"
"Unit no 111 Rivonia","2014-08-01","Invoice","Rent","Sodexo Southern Africa (Pty) Ltd","Inv Rent","-1,785.00","-219.21","10501047"
"Unit no 112 Rivonia","2014-08-01","Invoice","Rent","Salter, Graham","INV RENT","-685.00","-84.12","10400841"
"Unit no 114 Rivonia","2014-08-01","Invoice","Rent","Greeff, Rianda","Inv Rent","-1,350.00","-165.79","10471995"
"Unit no 115 Rivonia","2014-08-01","Invoice","Rent","Binikos, Costa","Inv Rent","-1,390.00","-170.70","10399833"
"Unit no 116 Rivonia","2014-08-01","Invoice","Rent","The Corporate Flat cc","Rent","-1,420.00","-165.79","10399834"
"Unit No 117 Rivonia","2014-08-01","Invoice","Rent","Harding, Dennis","INV RENT - 3 months upfront","-4,260.00","-497.37","10406249"
"Unit no 118 Rivonia","2014-08-01","Invoice","Rent","Foulkes-Jones, Michelle","Inv Rent - August 2014","-3,400.05","-417.55","10356946"
"Unit no 119 Rivonia","2014-08-01","Invoice","Rent","Mark Harris Attorneys","Rent","-650.00","-73.68","10471711"
"Unit no 12 Rivonia","2014-08-01","Invoice","Rent","Downtex cc","Rent","-1,050.00","-116.67","10471712"
"Unit no 120 Rivonia","2014-08-01","Invoice","Rent","Summers, Mark","Rent","-685.00","-84.12","10399901"
"Unit no 121 Rivonia","2014-08-01","Invoice","Rent","Ristic, Jennifer","Rent","-650.00","-73.68","10471713"
"Unit no 123 Rivonia","2014-08-01","Invoice","Rent","Scott, Brett","Rent","-600.00","-67.54","10471714"
"Unit no 124 Rivonia","2014-08-01","Invoice","Rent","Burscough, Dean","INV - Rent","-685.00","-84.12","10471715"
"Unit no 13 Rivonia","2014-08-01","Invoice","Rent","FDM Investment Man & Cons (Pty) Ltd","Rent","-1,100.00","-128.95","10471716"
"Unit no 14 Rivonia","2014-08-01","Invoice","Rent","Buthelezi, Happy-Girl Nonhlanhla","Inv Rent","-3,300.00","-405.26","10406279"
"Unit no 17 Rivonia","2014-08-01","Invoice","Rent","Media Power Solution PTY LTD","Rent","-1,100.00","-128.95","10383673"
"Unit no 18 Rivonia","2014-08-01","Invoice","Rent","Michael, Theresa","Rent","-1,100.00","-128.95","10471717"
"Unit no 19 Rivonia","2014-08-01","Invoice","Rent","Comninos, Gerry","Rent","-1,100.00","-128.95","10377417"
"Unit no 2 Rivonia","2014-08-01","Invoice","Rent","Cory, Steven Craig","Rent","-1,155.00","-135.09","10471718"
"Unit no 20 Rivonia","2014-08-01","Invoice","Rent","Barclay Miller & Associates","Inv Rent","-1,100.00","-135.09","10388752"
"Unit no 21 Rivonia","2014-08-01","Invoice","Rent","Wu, John","Rent","-1,100.00","-128.95","10471719"
"Unit no 22 Rivonia","2014-08-01","Invoice","Rent","Duxberry Developments","INV RENT","-1,100.00","-128.95","10471720"
"Unit no 24 Rivonia","2014-08-01","Invoice","Rent","Robertson, Michele","Rent","-1,100.00","-128.95","10471721"
"Unit no 25 Rivonia","2014-08-01","Invoice","Rent","MacKenzie, Grant","Rent","-650.00","-73.68","10471722"
"Unit no 26 Rivonia","2014-08-01","Invoice","Rent","Kharsany, Nasrin","Inv Rent - 3 months upfront","-2,055.00","-252.37","10367420"
"Unit no 27 Rivonia","2014-08-01","Invoice","Rent","Esposito, Roberto","Rent","-685.00","-84.12","10471723"
"Unit no 28 Rivonia","2014-08-01","Invoice","Rent","Acfit CC","Inv Rent - August 2014","-616.50","-75.71","9111290"
"Unit no 29 Rivonia","2014-08-01","Invoice","Rent","Piagalis, George","INV Rent","-1,100.00","-128.95","10399882"
"Unit no 3 Rivonia","2014-08-01","Invoice","Rent","Greenstone Auctioneers","Rent","-1,100.00","-128.95","10388751"
"Unit no 30 Rivonia","2014-08-01","Invoice","Rent","Smith, David","Rent","-1,050.00","-116.67","10471724"
"Unit no 31 Rivonia","2014-08-01","Invoice","Rent","Mokcana Trading cc","Inv Rent","-1,100.00","-128.95","10471725"
"Unit no 32 Rivonia","2014-08-01","Invoice","Rent","Where Next Event Management CC","Inv Rent","-1,100.00","-135.09","10471827"
"Unit no 33 Rivonia","2014-08-03","Invoice","Rent","Van Der Westhuizen, Chantel","INV RENT","-1,100.00","-128.95","10516921"
"Unit no 34 Rivonia","2014-08-01","Invoice","Rent","Araujo, Jose","Rent","-1,100.00","-128.95","10399820"
"Unit no 35 Rivonia","2014-08-01","Invoice","Rent","Araujo, Jose","Rent","-1,420.00","-165.79","10399821"
"Unit no 36 Rivonia","2014-08-01","Invoice","Rent","Araujo, Jose","Rent","-1,100.00","-128.95","10399823"
"Unit No 37 Rivonia","2014-08-01","Invoice","Rent","Luwes, Marnus","Inv Rent","-1,100.00","-135.09","10471812"
"Unit no 38 Rivonia","2014-08-01","Invoice","Rent","NBC News&Barry Hoffman","Rent","-1,420.00","-165.79","10399825"
"Unit no 39 Rivonia","2014-08-01","Invoice","Rent","Castellum Administrators","Rent","-1,100.00","-128.95","10471726"
"Unit no 4 Rivonia","2014-08-18","Invoice","Rent","Franz Catering and Events cc","Inv Rent - Pro Rata","-603.22","-74.08","10589531"
"Unit no 4 Rivonia","2014-08-18","Invoice","Deposit","Franz Catering and Events cc","Deposit","-1,100.00","","10589534"
"Unit no 4 Rivonia","2014-08-18","Invoice","Other","Franz Catering and Events cc","Admin Once Off","-100.00","-12.28","10589536"
"Unit no 40 Rivonia","2014-08-01","Invoice","Rent","Stallard, Julia","Rent","-1,100.00","-128.95","10491273"
"Unit no 41 Rivonia","2014-08-01","Invoice","Rent","Reddy, Colin","Rent","-1,100.00","-128.95","10471727"
"Unit no 42 Rivonia","2014-08-01","Invoice","Rent","Sollertia Consulting Group cc","Rent","-1,100.00","-128.95","10383674"
"Unit no 43 Rivonia ","2014-08-01","Invoice","Rent","Dotcom Trading 786 Pty Ltd","Rent","-950.00","-104.39","10471728"
"Unit no 44 Rivonia","2014-08-01","Invoice","Rent","Dotcom Trading 786 Pty Ltd","Rent","-950.00","-104.39","10471729"
"Unit no 45 Rivonia","2014-08-01","Invoice","Rent","Twala, Pula","Inv Rent - August 2014","-1,100.00","-135.09","10505649"
"Unit no 45 Rivonia","2014-08-22","Invoice","Rent","Offlimit Communications CC","Inv Rent - Pro Rata","-567.74","-69.72","10607644"
"Unit no 45 Rivonia","2014-08-22","Invoice","Deposit","Offlimit Communications CC","Deposit","-1,100.00","","10607646"
"Unit no 45 Rivonia","2014-08-22","Invoice","Other","Offlimit Communications CC","Admin Once Off","-100.00","-12.28","10607647"
"Unit no 46 Rivonia ","2014-08-01","Invoice","Rent","Joseph, Jonathan","Rent","-1,050.00","-116.67","10471730"
"Unit no 48 Rivonia","2014-08-01","Invoice","Rent","Council of Southern African Football Association "","Inv Rent","-1,100.00","-135.09","10472294"
"Unit no 49 Rivonia","2014-08-01","Invoice","Rent","Lotus Costume Design cc","INV RENT - one year upfront ","-13,200.00","-1547.37","10417652"
"Unit no 49 Rivonia","2014-08-13","Invoice","Rent","Mchunu, Thabisile","Inv Rent - August 2014","-1,100.00","-135.09","10575755"
"Unit no 49 Rivonia","2014-08-13","Invoice","Deposit","Mchunu, Thabisile","Deposit","-1,100.00","","10575757"
"Unit no 49 Rivonia","2014-08-13","Invoice","Other","Mchunu, Thabisile","Admin Once Off","-100.00","-12.28","10575760"
"Unit no 5 Rivonia","2014-08-01","Invoice","Rent","Mamothane, Portia","Rent","-1,155.00","-135.09","10491274"
"Unit no 50 Rivonia","2014-08-01","Invoice","Rent","Araujo, Jose","Inv Rent","-2,600.00","-319.30","10399822"
"Unit no 52 Rivonia","2014-08-01","Invoice","Rent","Mokcana Trading cc","Inv Rent","-1,100.00","-128.95","10471731"
"Unit no 53 Rivonia","2014-08-01","Invoice","Rent","Loots, Jaco","Rent","-1,100.00","-128.95","10399826"
"Unit no 54 Rivonia","2014-08-01","Invoice","Rent","Fai Recruitment T/A Career Solutions","Rent","-685.00","-84.12","10394064"
"Unit no 56 Rivonia","2014-08-01","Invoice","Rent","Chadwick, Deborah Julia","Rent","-650.00","-73.68","10471732"
"Unit no 57 Rivonia","2014-08-01","Invoice","Rent","The Perfect Wedding Company","Rent","-735.00","-90.26","10491275"
"Unit no 6 Rivonia","2014-08-15","Invoice","Rent","Maselane, Theodore","Rent","-1,100.00","-128.95","10560083"
"Unit no 60 Rivonia","2014-08-01","Invoice","Rent","Glazer, Michael","Inv Rent","-1,100.00","-128.95","10494419"
"Unit no 60 Rivonia","2014-08-19","Invoice","Other","Glazer, Michael","LOD","-31.30","-3.84","10593821"
"Unit no 61 Rivonia","2014-08-01","Invoice","Rent","Joannides, Andrea","Rent","-880.00","-98.25","10399827"
"Unit no 63 Rivonia","2014-08-01","Invoice","Rent","Williams Palmer Property Services (Pty) LTD","INV RENT","-1,050.00","-122.81","10399828"
"Unit no 64 Rivonia","2014-08-01","Invoice","Rent","Clarke, Karen","INV RENT","-735.00","-90.26","10491276"
"Unit no 64 Rivonia","2014-08-19","Invoice","Other","Clarke, Karen","LOD","-31.30","-3.84","10593771"
"Unit no 65 Rivonia","2014-08-01","Invoice","Rent","Williams Palmer Property Services (Pty) LTD","Rent","-2,350.00","-276.32","10399829"
"Unit no 66 Rivonia","2014-08-05","Invoice","Deposit","Kathea Communications Solutions (pty)Ltd","Deposit","-1,785.00","","10540911"
"Unit no 67 Rivonia","2014-08-01","Invoice","Rent","The Eskia Institute","Rent","-1,785.00","-207.54","10399830"
"Unit no 67 Rivonia","2014-08-19","Invoice","Other","The Eskia Institute","LOD","-31.30","","10593799"
"Unit no 68 Rivonia","2014-08-01","Invoice","Rent","Mannequin Films","INV RENT","-1,100.00","-128.95","10471733"
"Unit no 69 Rivonia","2014-08-01","Invoice","Rent","The Virtual works (Pty) Ltd","Inv Rent","-1,100.00","-135.09","10472651"
"Unit no 7 Rivonia","2014-08-01","Invoice","Rent","Nikashni, Gajoo","Inv Rent","-1,100.00","-135.09","10394164"
"Unit no 70 Rivonia","2014-08-20","Invoice","Rent","Sumares, Ceseel","INV RENT","-1,100.00","-128.95","10591752"
"Unit no 71 Rivonia","2014-08-01","Invoice","Rent","Olliver, Laurence","Inv Rent","-1,100.00","-128.95","10471734"
"Unit no 72 Rivonia","2014-08-01","Invoice","Rent","Indulge CC","INV RENT","-1,100.00","-128.95","10471735"
"Unit no 73 Rivonia","2014-08-01","Invoice","Rent","The Perfect Wedding Company","Rent","-1,100.00","-128.95","10491277"
"Unit no 74 Rivonia","2014-08-01","Invoice","Rent","Slabbert, Gerard","Inv Rent","-1,100.00","-135.09","10394216"
"Unit no 75 Rivonia","2014-08-01","Invoice","Rent","Poto, Pearl Pamela","Rent","-1,210.00","-141.23","10491278"
"Unit no 75 Rivonia","2014-08-19","Invoice","Other","Poto, Pearl Pamela","LOD","-31.30","-3.84","10593754"
"Unit no 76 Rivonia","2014-08-01","Invoice","Rent","Krilic, Mak","Inv Rent","-1,100.00","-135.09","10471791"
"Unit no 77 Rivonia","2014-08-01","Invoice","Rent","Castellum Administrators","Rent","-1,100.00","-128.95","10471736"
"Unit no 78 Rivonia","2014-08-01","Invoice","Rent","The Perfect Wedding Company","Rent","-1,100.00","-128.95","10491279"
"Unit no 79 Rivonia","2014-08-01","Invoice","Rent","Mylonas (no2 acc), Dino","INV RENT","-1,100.00","-128.95","10471737"
"Unit no 8 Rivonia","2014-08-01","Invoice","Rent","Cory, Steven Craig","Inv Rent","-1,100.00","-135.09","10471968"
"Unit no 80 Rivonia","2014-08-01","Invoice","Rent","Girard Catering CC","Monthly rent ","-1,100.00","-128.95","10471738"
"Unit no 81 Rivonia","2014-08-01","Invoice","Rent","Kahanovitz, Lisa","INV RENT","-1,100.00","-128.95","10471739"
"Unit no 82 Rivonia","2014-08-01","Invoice","Rent","Cory, Vivein","INV - Rent ","-1,100.00","-128.95","10471740"
"Unit no 83 Rivonia","2014-08-01","Invoice","Rent","The Meat Co Management","Rent","-1,100.00","-128.95","10491280"
"Unit no 84 Rivonia","2014-08-01","Invoice","Rent","Wroots, Winston","Inv Rent","-1,155.00","-135.09","10471741"
"Unit no 85 Rivonia","2014-08-01","Invoice","Rent","Chidawu, Isheunesu Oliver","Inv Rent- 2 Months upfront","-2,310.00","-270.18","10399095"
"Unit no 86 Rivonia","2014-08-01","Invoice","Rent","Mylonas, Dino","Rent","-1,100.00","-128.95","10471742"
"Unit no 87 Rivonia","2014-08-01","Invoice","Rent","Lidovho, Sengani","Rent","-1,050.00","-116.67","10491281"
"Unit no 88 Rivonia","2014-08-01","Invoice","Rent","Helyar, Natalie","INV RENT","-685.00","-84.12","10471743"
"Unit no 89 Rivonia","2014-08-01","Invoice","Rent","Parr, Michael Johan","INV RENT","-1,100.00","-128.95","10471744"
"Unit no 9 Rivonia","2014-08-01","Invoice","Rent","Iliev Iliev, Nikolai","Rent","-1,100.00","-128.95","10399818"
"Unit no 90 Rivonia","2014-08-01","Invoice","Rent","MJ Hood and Associates Attorneys","INV RENT","-1,100.00","-128.95","10471745"
"Unit no 91 Rivonia","2014-08-01","Invoice","Rent","Afrisoft Africa (Pty) Ltd","Inv Rent - August 2014","-1,100.00","-135.09","9919689"
"Unit no 92 Rivonia","2014-08-01","Invoice","Rent","Joubert, Danie","Inv Rent","-1,100.00","-135.09","10472532"
"Unit no 93 Rivonia","2014-08-01","Invoice","Rent","Chidawu, Isheunesu Oliver","Inv Rent - 2 months","-2,310.00","-270.18","10399096"
"Unit no 94 Rivonia","2014-08-01","Invoice","Rent","Jones, Edward Bruce","Inv Rent","-1,100.00","-135.09","10472598"
"Unit no 95 Rivonia","2014-08-01","Invoice","Rent","Ganik Investment (Pty) Ltd","Inv Rent","-1,100.00","-128.95","10471746"
"Unit no 97 Rivonia","2014-08-01","Invoice","Rent","Mylonas, Dino","Rent","-1,050.00","-116.67","10471747"
"Unit no 98 Rivonia","2014-08-01","Invoice","Rent","Houghton, Roger Lanyon","Inv Rent - August 2014","-1,100.00","-135.09","9481244"
"Unit no 99 Rivonia","2014-08-01","Invoice","Rent","Ungerer, Gert","Inv Rent","-3,300.00","-405.26","10406263"
"Unit no B1 Rivonia","2014-08-01","Invoice","Rent","Wetton, Jenny","Rent","-1,100.00","-128.95","10471748"
"Unit no B2 Rivonia","2014-08-01","Invoice","Rent","Froneman, Williem","INV RENT","-1,100.00","-128.95","10491282"
"Unit no B2 Rivonia","2014-08-22","Invoice","Rent","Motion Supply Chain Solutions (Pty) Ltd","Inv Rent - Pro Rata","-319.36","-39.22","10607698"
"Unit no B2 Rivonia","2014-08-22","Invoice","Deposit","Motion Supply Chain Solutions (Pty) Ltd","Deposit","-1,100.00","","10607699"
"Unit no B2 Rivonia","2014-08-22","Invoice","Other","Motion Supply Chain Solutions (Pty) Ltd","Admin Once Off","-100.00","-12.28","10607703"
"Unit No B3 Rivonia","2014-08-01","Invoice","Rent","Brown, Susan","INV RENT","-1,100.00","-128.95","10471704"
"Unit no B4 Rivonia","2014-08-01","Invoice","Rent","The Perfect Wedding Company","Rent","-1,100.00","-128.95","10491283"
"Unit no B5 Rivonia","2014-08-01","Invoice","Rent","Nel, Robert","Rent","-1,100.00","-128.95","10471749"
"Unit no B6 Rivonia","2014-08-01","Invoice","Rent","Fisher, Glen","Rent","-550.00","-67.54","10471750"
"Unit no P7 Rivonia","2014-08-01","Invoice","Rent","GCS Water and Enviroment (Pty) Ltd","Inv Rent","-900.00","-110.53","10405538"
"Unit no P8 Rivonia","2014-08-01","Invoice","Rent","GCS Water and Enviroment (Pty) Ltd","Inv Rent","-900.00","-110.53","10405539"
"Unit no P9 Rivonia","2014-08-01","Invoice","Rent","GCS Water and Enviroment (Pty) Ltd","Inv Rent","-900.00","-110.53","10405540"
"Unit no U1 Rivonia","2014-08-01","Invoice","Rent","Rosenburg, Jordy","rent","-1,100.00","-128.95","10471751"
"Unit no U10 Rivonia","2014-08-01","Invoice","Rent","Foulkes-Jones, Michelle","Inv Rent - August 2014","-990.00","-121.58","10356671"
"Unit no U11 Rivonia","2014-08-01","Invoice","Rent","Foulkes-Jones, Michelle","Inv Rent - August 2014","-990.00","-121.58","10356751"
"Unit no U12 Rivonia","2014-08-01","Invoice","Rent","Parker, Cameron","Rent","-1,100.00","-128.95","10471752"
"Unit no U13 Rivonia","2014-08-01","Invoice","Rent","Cooper, Mary - Anne","Rent","-1,100.00","-128.95","10471753"
"Unit no U14 Rivonia","2014-08-01","Invoice","Rent","Bassett, John","INV RENT","-1,100.00","-128.95","10471754"
"Unit no U15 Rivonia","2014-08-01","Invoice","Rent","Crous, Theunis","Inv Rent","-1,200.00","-147.37","10492855"
"Unit No U16 Rivonia","2014-08-01","Invoice","Rent","Motseleng Marketing CC","Inv Rent","-1,100.00","-128.95","10471705"
"Unit no U18 Rivonia","2014-08-01","Invoice","Rent","The Meat Co Management","Rent","-1,100.00","-128.95","10491284"
"Unit no U19 Rivonia","2014-08-01","Invoice","Rent","Crosley, Jill Loraine","Rent","-1,100.00","-128.95","10491285"
"Unit no U2 Rivonia","2014-08-01","Invoice","Rent","Ackerman, Marie-Louise","Rent","-1,050.00","-116.67","10471755"
"Unit no U20 Rivonia","2014-08-01","Invoice","Rent","W Technical Consulting South Africa","Rent","-735.00","-90.26","10471756"
"Unit no U21 Rivonia","2014-08-01","Invoice","Rent","Chadwick, Deborah","INV RENT","-685.00","-84.12","10471757"
"Unit no U22 Rivonia","2014-08-01","Invoice","Rent","Oosthuizen, Andre","Inv Rent","-685.00","-84.12","10471758"
"Unit no U23 Rivonia","2014-08-01","Invoice","Rent","Nicholls, Gareth","INV RENT","-685.00","-84.12","10471759"
"Unit no U24 Rivonia","2014-08-01","Invoice","Rent","Intellepark and Security (Pty) Ltd","INV RENT","-1,100.00","-128.95","10394110"
"Unit no U25 Rivonia","2014-08-01","Invoice","Rent","Hoinkes, Mark","Rent","-1,100.00","-128.95","10499999"
"Unit no U25 Rivonia","2014-08-28","Invoice","Rent","Bishop, Kate","Inv Rent - Pro Rata","-177.42","-21.79","10673585"
"Unit no U25 Rivonia","2014-08-28","Invoice","Deposit","Bishop, Kate","Deposit","-1,100.00","","10673603"
"Unit no U25 Rivonia","2014-08-28","Invoice","Other","Bishop, Kate","Admin Once Off","-100.00","-12.28","10673605"
"Unit no U26 Rivonia","2014-08-01","Invoice","Rent","Coombs, Christopher Robert","INV RENT","-1,100.00","-128.95","10471760"
"Unit No U27 Rivonia","2014-08-01","Invoice","Rent","Rothman, Sally","INV RENT","-1,100.00","-128.95","10401074"
"Unit no U3 Rivonia","2014-08-01","Invoice","Rent","Legal Perfect (Pty) Ltd","Inv Rent - August 2014","-1,837.50","-225.66","10465460"
"Unit No U30 Rivonia","2014-08-01","Invoice","Rent","Araujo, Jose","Inv Rent","-1,200.00","-147.37","10399824"
"Unit No U32 Rivonia","2014-08-01","Invoice","Rent","Pick n Pay Outspan road","INV RENT","-1,100.00","-128.95","10471706"
"Unit no U34 Rivonia","2014-08-01","Invoice","Rent","Allsense Southern Africa Trading (Pty) Ltd","Inv Rent - August 2014","-1,100.00","-135.09","10100428"
"Unit no U34 Rivonia","2014-08-01","Invoice","Water & Electricity","Allsense Southern Africa Trading (Pty) Ltd","Electricity","-150.00","-18.42","10405263"
"Unit no U35 Rivonia","2014-08-01","Invoice","Rent","Macrides, Johan","Inv Rent - August 2014","-1,100.00","-135.09","10392825"
"Unit no U35 Rivonia","2014-08-01","Invoice","Deposit","Macrides, Johan","Deposit","-1,100.00","","10392827"
"Unit no U35 Rivonia","2014-08-01","Invoice","Other","Macrides, Johan","Admin Once Off","-100.00","-12.28","10392829"
"Unit no U36 Rivonia","2014-08-01","Invoice","Rent","Jovanovic, Sinisa","Inv Rent - August 2014","-616.50","-75.71","9936042"
"Unit No U37 Rivonia","2014-08-01","Invoice","Rent","Mevyann, Claudia","Inv Rent","-650.00","-79.82","10491809"
"Unit no U38 Rivonia","2014-08-01","Invoice","Rent","Jennings, Dr Kenneth","Inv Rent - August 2014","-616.50","-75.71","9251860"
"Unit no U4 Rivonia","2014-08-01","Invoice","Rent","Mannequin Films","INV RENT","-735.00","-90.26","10472924"
"Unit no U41 Rivonia","2014-08-01","Invoice","Rent","Peter, Muniamma Daphne","Inv Rent","-1,100.00","-135.09","10471792"
"Unit no U42 Rivonia","2014-08-01","Invoice","Rent","Santo, Marina Batista Do Espirito","INV RENT","-1,100.00","-128.95","10471761"
"Unit no U43 Rivonia","2014-08-04","Invoice","Rent","Viviers, Leon & Margie","Rent","-1,050.00","-116.67","10448733"
"Unit no U44 Rivonia","2014-08-01","Invoice","Rent","Tat I Chan Technologies","Rent","-1,100.00","-128.95","10471762"
"Unit no U45 Rivonia","2014-08-18","Invoice","Rent","Bruynseels, Dominic","Inv Rent - August 2014","-1,100.00","-135.09","10589509"
"Unit no U45 Rivonia","2014-08-18","Invoice","Deposit","Bruynseels, Dominic","Deposit","-1,100.00","","10589515"
"Unit no U45 Rivonia","2014-08-18","Invoice","Other","Bruynseels, Dominic","Admin Once Off","-100.00","-12.28","10589516"
"Unit no U46 Rivonia","2014-08-01","Invoice","Rent","Davis, Denise J","Rent","-1,050.00","-116.67","10394068"
"Unit no U47 Rivonia","2014-08-04","Invoice","Rent","Viviers, Leon & Margie","Rent","-1,050.00","-116.67","10448734"
"Unit no U48 Rivonia","2014-08-01","Invoice","Rent","SJ Designs Home Elements cc","Rent","-1,050.00","-116.67","10399819"
"Unit no U49 Rivonia","2014-08-01","Invoice","Rent","Pick n Pay Outspan road","INV RENT","-1,100.00","-128.95","10471763"
"Unit no U5 Rivonia","2014-08-01","Invoice","Rent","Magongo, Sabatha","Rent","-650.00","-73.68","10394065"
"Unit no U50 Rivonia","2014-08-01","Invoice","Rent","Alys Technology (PTY) LTD","Rent - Quarterly invoice","-3,300.00","-386.84","10406250"
"Unit no U52 Rivonia","2014-08-01","Invoice","Rent","Rigos, Nikitas","INV RENT","-1,100.00","-128.95","10471764"
"Unit no U53 Rivonia","2014-08-01","Invoice","Rent","Kunze, Nicholas James","Rent","-1,050.00","-116.67","10491286"
"Unit no U54 Rivonia","2014-08-01","Invoice","Rent","Pretzavest 37 (Pty) Ltd","INV RENT - 3 months upfront","-3,300.00","-386.84","10367211"
"Unit no U55 Rivonia","2014-08-01","Invoice","Rent","Holiday Factory","Rent","-1,100.00","-128.95","10471765"
"Unit no U56 Rivonia","2014-08-01","Invoice","Other","Kroon, Timothy","Inv Rent","-650.00","-79.82","10471766"
"Unit no U58 Rivonia","2014-08-01","Invoice","Rent","Basaik, Stefan","Inv Rent","-1,100.00","-135.09","10472102"
"Unit no U59 Rivonia ","2014-08-01","Invoice","Rent","GCS Water and Enviroment (Pty) Ltd","Inv Rent","-900.00","-110.53","10405531"
"Unit no U6 Rivonia","2014-08-01","Invoice","Rent","Nel, Carol","Inv Rent","-685.00","-84.12","10472393"
"Unit no U60 Rivonia","2014-08-01","Invoice","Rent","GCS Water and Enviroment (Pty) Ltd","Inv Rent","-900.00","-110.53","10405532"
"Unit no U61 Rivonia","2014-08-01","Invoice","Rent","GCS Water and Enviroment (Pty) Ltd","Inv Rent","-900.00","-110.53","10405533"
"Unit no U62 Rivonia","2014-08-01","Invoice","Rent","GCS Water and Enviroment (Pty) Ltd","Inv Rent","-900.00","-110.53","10405534"
"Unit no U66 Rivonia","2014-08-01","Invoice","Rent","Nzongele, Mireille","Inv Rent","-1,200.00","-147.37","10472327"
"Unit no U67 Rivonia ","2014-08-01","Invoice","Rent","Kathea Communications Solutions (pty)Ltd","Inv Rent - August 2014","-1,785.01","-219.21","9285265"
"Unit no U67 Rivonia ","2014-08-01","Invoice","Rent","GCS Water and Enviroment (Pty) Ltd","Inv Rent","-900.00","-110.53","10405535"
"Unit no U68 Rivonia","2014-08-01","Invoice","Rent","GCS Water and Enviroment (Pty) Ltd","Inv Rent","-900.00","-110.53","10405536"
"Unit no U69 Rivonia","2014-08-01","Invoice","Rent","GCS Water and Enviroment (Pty) Ltd","Inv Rent","-900.00","-110.53","10405537"
"Unit no U7 Rivonia","2014-08-01","Invoice","Rent","Casson Media (Pty) Ltd","Inv Rent - August 2014","-685.01","-84.12","9688775"
"Unit No U71 Rivonia","2014-08-01","Invoice","Rent","Limestone Investment Properties","INV RENT","-1,100.00","-128.95","10471707"
"Unit no U73 Rivonia","2014-08-30","Invoice","Rent","ICANDICQ","INV RENT","-1,100.00","-128.95","10679538"
"Unit no U74 Rivonia","2014-08-01","Invoice","Rent","Gibbs, Brian","Inv Rent","-1,100.00","-135.09","10403684"
"Unit no U75 Rivonia","2014-08-01","Invoice","Rent","Conceptspark (Pty) Ltd","Inv Rent","-3,300.00","-405.26","10406276"
"Unit no U76 Rivonia","2014-08-01","Invoice","Rent","Martin Furman Business","Rent","-1,100.00","-128.95","10471767"
"Unit no U77 Rivonia","2014-08-01","Invoice","Rent","Martin Furman Business","Rent","-1,100.00","-128.95","10471768"
"Unit no U78 Rivonia","2014-08-01","Invoice","Rent","Dube, Shirley","INV RENT","-1,100.00","-128.95","10471769"
"unit no U8 Rivonia","2014-08-01","Invoice","Rent","Mubanga, Mukuka Lily","Inv Rent - August 2014","-1,100.00","-135.09","10375852"
"Unit no U81 Rivonia","2014-08-01","Invoice","Rent","Geddes, Paul","Monthly rent ","-1,050.00","-116.67","10471770"
"Unit no U82 Rivonia","2014-08-01","Invoice","Rent","Mark Mortimer T/A CIC Projects","Inv Rent - August 2014","-1,100.00","-135.09","10387485"
"Unit no U83 Rivonia","2014-08-01","Invoice","Rent","Mackenzie, Sarah","Inv Rent","-1,100.00","-128.95","10471771"
"Unit no U84 Rivonia","2014-08-01","Invoice","Rent","Bradley, Ashleigh","Rent","-1,050.00","-116.67","10471772"
"Unit no U85 Rivonia","2014-08-01","Invoice","Rent","Monale, Tumi","INV RENT","-1,100.00","-128.95","10471773"
"Unit no U86 Rivonia","2014-08-01","Invoice","Rent","ITWeb","Inv Rent","-3,300.00","-405.26","10406280"
"Unit no U87 Rivonia","2014-08-01","Invoice","Rent","Banda, Chifundo","Inv Rent","-1,100.00","-135.09","10472966"
"Unit no U89 Rivonia","2014-08-01","Invoice","Rent","Tat I Chan Technologies","INV RENT","-1,100.00","-128.95","10471774"
"unit no U9 Rivonia","2014-08-01","Invoice","Rent","Mbongiworks (Pty) Ltd","INV RENT","-1,100.00","-128.95","10500677"
"Unit no U90 Rivonia","2014-08-01","Invoice","Rent","Fletcher, Michael","INV RENT - 3 months upfront","-3,300.00","-386.84","10406251"
"Unit no U91 Rivonia","2014-08-01","Invoice","Rent","Automated Batching Projects","INV RENT","-1,100.00","-128.95","10471775"
"Unit no U92 Rivonia","2014-08-01","Invoice","Rent","Franz Catering and Events cc","INV RENT","-1,100.00","-135.09","10471789"
"Unit no U93 Rivonia","2014-08-01","Invoice","Rent","Kairos Leeukop","Quarterly Invoices","-2,100.00","-257.89","10406254"
"Unit no U94 Rivonia","2014-08-01","Invoice","Rent","Mashiyi, Busiswe","INV RENT","-1,100.00","-128.95","10496492"
"Unit no. 105 Rivonia","2014-08-01","Invoice","Rent","Bandey, John","INV RENT","-685.00","-84.12","10471776"
"Unit P10 Rivonia","2014-08-01","Invoice","Rent","Allsense Southern Africa Trading (Pty) Ltd","Inv Rent - August 2014","-500.00","-61.40","10100581"
