Property ID,Property,Date,Type,Invoice Type,Tenant ID,Tenant,Description,Amount,VAT,Ref no
"148314","Carport 1 Bryanston","2015-12-01","Invoice","Rent","317318","Green, Travis","Inv Rent","500.00","-61.40","14326850"
"148314","Carport 1 Bryanston","2016-01-01","Invoice","Rent","317318","Green, Travis","Inv Rent","550.00","-67.54","14610646"
"150303","Unallocated Funds","2015-12-03","Debit note","Other","265680","Unallocated, 2013-12-19	 ACB CREDIT 4492 BALLANCE ","Transfer to unit 100","1,420.00","","14418519"
"150303","Unallocated Funds","2016-01-13","Debit note","Other","265680","Unallocated, 2013-12-19	 ACB CREDIT 4492 BALLANCE ","Transfer to unit 129","1,330.00","","14719996"
"150303","Unallocated Funds","2016-01-13","Debit note","Other","265680","Unallocated, 2013-12-19	 ACB CREDIT 4492 BALLANCE ","Transfert to unit 94","1,200.00","","14720079"
"150303","Unallocated Funds","2016-01-13","Debit note","Other","265680","Unallocated, 2013-12-19	 ACB CREDIT 4492 BALLANCE ","Transfer to unit 11 and 54","2,590.00","","14720100"
"150303","Unallocated Funds","2016-01-13","Debit note","Maintenance","265680","Unallocated, 2013-12-19	 ACB CREDIT 4492 BALLANCE ","Transfer to unit 58","800.00","","14720110"
"150303","Unallocated Funds","2016-01-13","Debit note","Other","265680","Unallocated, 2013-12-19	 ACB CREDIT 4492 BALLANCE ","Transfer to unit 58","100.00","","14720116"
"150303","Unallocated Funds","2016-01-13","Debit note","Other","265680","Unallocated, 2013-12-19	 ACB CREDIT 4492 BALLANCE ","Transfer to unit 44","1,200.00","","14720137"
"150303","Unallocated Funds","2016-01-13","Debit note","Other","265680","Unallocated, 2013-12-19	 ACB CREDIT 4492 BALLANCE ","Transfer to unit 69","1,210.00","","14720147"
"150303","Unallocated Funds","2016-01-13","Debit note","Other","265680","Unallocated, 2013-12-19	 ACB CREDIT 4492 BALLANCE ","Transfer to unit 79","4,290.00","","14720166"
"150303","Unallocated Funds","2016-01-14","Debit note","Other","265680","Unallocated, 2013-12-19	 ACB CREDIT 4492 BALLANCE ","Transfer to unit 66","2,569.68","","14723977"
"150303","Unallocated Funds","2016-01-14","Debit note","Other","265680","Unallocated, 2013-12-19	 ACB CREDIT 4492 BALLANCE ","Transfer to unit 85","16,289.09","","14724250"
"150303","Unallocated Funds","2016-01-14","Debit note","Other","265680","Unallocated, 2013-12-19	 ACB CREDIT 4492 BALLANCE ","Transfer to unit 109","1,030.00","","14724304"
"150303","Unallocated Funds","2016-01-14","Debit note","Other","265680","Unallocated, 2013-12-19	 ACB CREDIT 4492 BALLANCE ","Transfer to unit 133","2,697.43","","14724324"
"150303","Unallocated Funds","2016-01-14","Debit note","Other","265680","Unallocated, 2013-12-19	 ACB CREDIT 4492 BALLANCE ","Transfer to unit 42","4,002.00","","14726259"
"134706","Unit no 1 Bryanston","2015-12-01","Invoice","Rent","330180","Lentin, Gillian","Inv Rent","1,100.00","-135.09","14324544"
"134706","Unit no 1 Bryanston","2016-01-01","Invoice","Rent","330180","Lentin, Gillian","Inv Rent","1,210.00","-148.60","14610647"
"143441","Unit no 10 Bryanston","2015-12-01","Invoice","Rent","281011","Cullingworth, Brendan Mervyn","Inv Rent","1,210.00","-148.60","14353848"
"143441","Unit no 10 Bryanston","2016-01-01","Invoice","Rent","281011","Cullingworth, Brendan Mervyn","Inv Rent","1,330.00","-163.33","14634926"
"143441","Unit no 10 Bryanston","2016-01-05","Credit note","Deposit","281011","Cullingworth, Brendan Mervyn","Pmt - deposit for last months rent","-1,100.00","","14670063"
"136538","Unit no 100 Bryanston","2015-12-01","Invoice","Rent","239969","A-Waybury Adventure cc","INV RENT","1,210.00","-148.60","14364907"
"136538","Unit no 100 Bryanston","2015-12-03","Credit note","Deposit","239969","A-Waybury Adventure cc","PMT - use deposit for Dec rent","-1,050.00","","14418480"
"136538","Unit no 100 Bryanston","2015-12-03","Invoice","Rent","410083","Relief  Technologies","Inv Rent","1,320.01","-162.11","14418494"
"136538","Unit no 100 Bryanston","2015-12-03","Invoice","Deposit","410083","Relief  Technologies","Deposit","1,320.00","","14418501"
"136538","Unit no 100 Bryanston","2015-12-03","Invoice","Other","410083","Relief  Technologies","Admin Once Off","100.00","-12.28","14418503"
"136538","Unit no 100 Bryanston","2015-12-03","Credit note","Other","410083","Relief  Technologies","PMT - allocated to unallocated accounts","-1,420.00","","14418526"
"136538","Unit no 100 Bryanston","2015-12-03","Credit note","Other","410083","Relief  Technologies","Adjust the account","-0.01","","14418533"
"136538","Unit no 100 Bryanston","2016-01-01","Invoice","Rent","410083","Relief  Technologies","Inv Rent","1,320.00","-162.11","14543819"
"137917","Unit no 101 Bryanston","2015-12-01","Invoice","Rent","313339","At Six Sharp (Pty) Ltd","Inv Rent","1,210.00","-148.60","14238134"
"137917","Unit no 101 Bryanston","2016-01-01","Invoice","Rent","313339","At Six Sharp (Pty) Ltd","Inv Rent","1,330.00","-163.33","14533610"
"137920","Unit no 102 Bryanston","2015-12-01","Invoice","Rent","377358","Kelly Group Ltd","Inv Rent - 3 months upfront","3,600.00","-442.11","14248585"
"137621","Unit no 103 Bryanston","2015-12-01","Invoice","Rent","241446","Brunton, Jonathan Michael","Rent ","1,210.00","-148.60","14244809"
"137621","Unit no 103 Bryanston","2016-01-01","Invoice","Rent","241446","Brunton, Jonathan Michael","Rent ","1,330.00","-163.33","14543820"
"140311","Unit no 104 Bryanston","2015-12-01","Invoice","Rent","318173","Nel, Tamara","Inv Rent","1,210.00","-148.60","14324226"
"140311","Unit no 104 Bryanston","2016-01-01","Invoice","Rent","318173","Nel, Tamara","Inv Rent","1,330.00","-163.33","14610648"
"139252","Unit no 105 Bryanston","2015-12-01","Invoice","Rent","325082","De Almida, Luis","Inv Rent","1,210.00","-148.60","14324227"
"139252","Unit no 105 Bryanston","2016-01-01","Invoice","Rent","325082","De Almida, Luis","Inv Rent","1,330.00","-163.33","14610649"
"139243","Unit no 106 Bryanston","2015-12-01","Invoice","Rent","392465","HI Tech Laboratory","Inv Rent","1,900.00","-233.33","14361538"
"139243","Unit no 106 Bryanston","2016-01-01","Invoice","Rent","392465","HI Tech Laboratory","Inv Rent","2,090.00","-256.67","14634927"
"139243","Unit no 106 Bryanston","2016-01-07","Credit note","Rent","392465","HI Tech Laboratory","Client moved in October","-2,900.00","356.14","14693712"
"139243","Unit no 106 Bryanston","2016-01-07","Debit note","Rent","392465","HI Tech Laboratory","contra debit note","2,900.00","-356.14","14693722"
"139243","Unit no 106 Bryanston","2016-01-07","Credit note","Rent","392465","HI Tech Laboratory","Client due for increase in october","-2,090.00","256.67","14693738"
"139243","Unit no 106 Bryanston","2016-01-07","Invoice","Rent","392465","HI Tech Laboratory","Rent Jan","1,900.00","-233.33","14693746"
"139244","Unit no 107 Bryanson","2015-12-01","Invoice","Rent","395547","Gamley, Marna","Inv Rent","1,200.00","-147.37","14244829"
"139244","Unit no 107 Bryanson","2016-01-01","Invoice","Rent","395547","Gamley, Marna","Inv Rent","1,330.00","-163.33","14543821"
"143111","Unit no 108 Bryanston","2015-12-01","Invoice","Rent","280196","House Shop","INV RENT","1,600.00","-196.49","14244818"
"143111","Unit no 108 Bryanston","2016-01-01","Invoice","Rent","280196","House Shop","INV RENT","1,760.00","-216.14","14543822"
"139247","Unit no 109 Bryanston","2015-12-01","Credit note","Deposit","382751","Tannett, Judy","PMT - use deposit for last month rent","-800.00","","14370401"
"139247","Unit no 109 Bryanston","2016-01-14","Invoice","Rent","419448","Abodunrin, Jeff Olawale","Inv Rent","825.36","-101.36","14724288"
"139247","Unit no 109 Bryanston","2016-01-14","Invoice","Other","419448","Abodunrin, Jeff Olawale","Admin Once Off","100.00","-12.28","14724290"
"139247","Unit no 109 Bryanston","2016-01-14","Invoice","Other","419448","Abodunrin, Jeff Olawale","No Dep Fee ","100.00","-12.28","14724293"
"139247","Unit no 109 Bryanston","2016-01-14","Credit note","Other","419448","Abodunrin, Jeff Olawale","PMT - allocated to unallocated accounts","-1,030.00","","14724310"
"173879","Unit no 11 Bryanston","2015-12-01","Invoice","Rent","265647","Troika Imagineering Works (Pty) Ltd","Inv Rent","1,200.00","-147.37","14354285"
"173879","Unit no 11 Bryanston","2016-01-01","Invoice","Rent","265647","Troika Imagineering Works (Pty) Ltd","Inv Rent","1,320.00","-162.11","14634928"
"173879","Unit no 11 Bryanston","2016-01-13","Credit note","Other","265647","Troika Imagineering Works (Pty) Ltd","PMT - allocated to unallocated accounts (04/01/2016)","-1,320.00","","14720092"
"137936","Unit no 110 Bryanston","2015-12-01","Invoice","Rent","371958","Newham, Suria","Inv Rent","750.00","-92.11","14244828"
"137936","Unit no 110 Bryanston","2016-01-01","Invoice","Rent","371958","Newham, Suria","Inv Rent","825.00","-101.32","14543823"
"142754","Unit no 111 Braynston","2015-12-01","Invoice","Rent","364785","Sewpursad, Vishal","Inv Rent","750.00","-92.11","14325427"
"142754","Unit no 111 Braynston","2016-01-01","Invoice","Rent","364785","Sewpursad, Vishal","Inv Rent","825.00","-101.32","14610650"
"139251","Unit no 112 Bryanston","2015-12-01","Invoice","Rent","244887","Brady, Troye","INV RENT","770.00","-94.56","14324228"
"139251","Unit no 112 Bryanston","2016-01-01","Invoice","Rent","244887","Brady, Troye","INV RENT","850.00","-104.39","14610651"
"139231","Unit no 113 Bryanston","2015-12-01","Invoice","Rent","311585","Van Der Merwe, Lambert","Inv Rent - 3 months upfront","2,310.00","-283.68","14248554"
"142604","Unit no 114 Bryanston","2015-12-01","Invoice","Rent","250985","Cerabuzz (Pty) Ltd","Inv Rent","770.00","-94.56","14353432"
"142604","Unit no 114 Bryanston","2016-01-01","Invoice","Rent","250985","Cerabuzz (Pty) Ltd","Inv Rent","850.00","-104.39","14634929"
"137606","Unit no 115 Bryanston","2015-12-01","Invoice","Rent","376996","Raftopovlos, Eugene","Inv Rent","800.00","-98.25","14364961"
"137606","Unit no 115 Bryanston","2015-12-01","Credit note","Deposit","376996","Raftopovlos, Eugene","PMT - use deposit for Dec rent","-800.00","","14370325"
"137606","Unit no 115 Bryanston","2016-01-13","Invoice","Rent","376996","Raftopovlos, Eugene","Inv Rent","880.00","-108.07","14720788"
"140309","Unit no 116 Bryanston","2015-12-01","Invoice","Rent","368007","Trio Interactive CC","Inv Rent ","800.00","-98.25","14325580"
"140309","Unit no 116 Bryanston","2016-01-01","Invoice","Rent","368007","Trio Interactive CC","Inv Rent ","880.00","-108.07","14610652"
"142046","Unit no 117 Bryanston","2016-01-01","Invoice","Rent","256198","Bruce, Robert","Inv Rent - 3 months upfront","2,540.00","-311.93","14546981"
"142046","Unit no 117 Bryanston","2016-01-15","Credit note","Rent","256198","Bruce, Robert","Inv 14546981","-2,490.00","305.79","14730256"
"142046","Unit no 117 Bryanston","2016-01-15","Invoice","Rent","256198","Bruce, Robert","Inv Rent","846.00","-103.89","14730258"
"142046","Unit no 117 Bryanston","2016-01-15","Credit note","Deposit","256198","Bruce, Robert","PMT - use deposit for Jan rent","-700.00","","14730262"
"142046","Unit no 117 Bryanston","2016-01-15","Credit note","Other","256198","Bruce, Robert","W/O - vacated","-146.00","","14730274"
"134712","Unit no 118 Bryanston","2016-01-01","Invoice","Rent","349394","Latchmiah, Claudette","Inv Rent - 3 months upfront","2,640.00","-324.21","14546982"
"134712","Unit no 118 Bryanston","2016-01-15","Credit note","Rent","349394","Latchmiah, Claudette","Inv 14546982","-240.00","29.47","14728144"
"142033","Unit no 119 Bryanston","2015-12-01","Invoice","Rent","249994","Icas Southern Africa (Pty) Ltd","INV RENT - 3 months upfront","3,630.00","-445.79","14248555"
"149851","Unit no 12 Bryanston","2015-12-01","Invoice","Rent","296042","Lembede, Zodwa","Inv Rent","1,210.00","-148.60","14238121"
"149851","Unit no 12 Bryanston","2016-01-01","Invoice","Rent","296042","Lembede, Zodwa","Inv Rent","1,330.00","-163.33","14533611"
"142036","Unit no 120 Bryanston ","2015-12-01","Invoice","Rent","249994","Icas Southern Africa (Pty) Ltd","INV RENT","3,630.00","-445.79","14248556"
"144179","Unit no 121 Bryanston","2015-12-01","Invoice","Rent","263279","HTA","Inv Rent","1,320.00","-162.11","14324229"
"144179","Unit no 121 Bryanston","2016-01-01","Invoice","Rent","263279","HTA","Inv Rent","1,450.00","-178.07","14610653"
"142607","Unit no 123 Bryanston","2015-12-01","Invoice","Rent","365603","TCS Hygiene","Inv Rent","1,200.01","-147.37","12908407"
"142607","Unit no 123 Bryanston","2016-01-01","Invoice","Rent","365603","TCS Hygiene","Inv Rent - 6 months upfront","7,200.00","-884.21","14215275"
"142607","Unit no 123 Bryanston","2016-01-13","Credit note","Rent","365603","TCS Hygiene","Inv 14215275","-7,200.00","884.21","14720713"
"142607","Unit no 123 Bryanston","2016-01-13","Invoice","Rent","365603","TCS Hygiene","Inv Rent","1,320.00","-162.11","14720715"
"143837","Unit no 125 Bryanston","2015-12-01","Invoice","Rent","330316","Herbert, Nick","Inv Rent","1,200.00","-147.37","14324549"
"143837","Unit no 125 Bryanston","2016-01-01","Invoice","Rent","330316","Herbert, Nick","Inv Rent","1,330.00","-163.33","14610654"
"145334","Unit no 126 Bryanston","2015-12-02","Invoice","Rent","409635","Advanced Online Systems (Pty) Ltd","Inv Rent","1,320.01","-162.11","14402625"
"145334","Unit no 126 Bryanston","2015-12-02","Invoice","Deposit","409635","Advanced Online Systems (Pty) Ltd","Deposit","1,320.00","","14402632"
"145334","Unit no 126 Bryanston","2015-12-02","Invoice","Other","409635","Advanced Online Systems (Pty) Ltd","Admin Once Off","100.00","-12.28","14402635"
"145334","Unit no 126 Bryanston","2016-01-02","Invoice","Rent","409635","Advanced Online Systems (Pty) Ltd","Inv Rent","1,320.00","-162.11","14622301"
"146988","Unit no 129 Bryanston","2015-12-01","Invoice","Rent","325092","Prinsloo, Johannes Arnoldus","Inv Rent ","1,210.00","-148.60","14244819"
"146988","Unit no 129 Bryanston","2016-01-01","Invoice","Rent","325092","Prinsloo, Johannes Arnoldus","Inv Rent ","1,330.00","-163.33","14543824"
"146988","Unit no 129 Bryanston","2016-01-13","Credit note","Other","325092","Prinsloo, Johannes Arnoldus","PMT - allocated to unallocated accounts (28/12/2015)","-1,330.00","","14719982"
"147410","Unit no 13 Bryanston","2015-12-03","Invoice","Rent","244872","Mikes Kitchen (Pty) Ltd","Inv Rent","1,200.00","-147.37","14387720"
"147410","Unit no 13 Bryanston","2016-01-03","Invoice","Rent","244872","Mikes Kitchen (Pty) Ltd","Inv Rent","1,330.00","-163.33","14640311"
"134696","Unit no 130 Bryanston","2015-12-01","Invoice","Rent","375961","De Bruin, Liesl","Inv Rent","750.00","-92.11","14325843"
"134696","Unit no 130 Bryanston","2016-01-01","Invoice","Rent","375961","De Bruin, Liesl","Inv Rent","825.00","-101.32","14610655"
"174018","Unit no 132 Bryanston","2015-12-01","Invoice","Rent","316012","Mac Ewan, Kate","Inv Rent","1,210.00","-148.60","14238122"
"174018","Unit no 132 Bryanston","2016-01-01","Invoice","Rent","316012","Mac Ewan, Kate","Inv Rent","1,330.00","-163.33","14533612"
"150117","Unit no 133 Bryanston","2015-12-01","Invoice","Rent","289235","Cogan, Paul","Inv Rent","1,210.00","-148.60","14244810"
"150117","Unit no 133 Bryanston","2016-01-14","Invoice","Rent","263279","HTA","Inv Rent - Pro Rata","1,277.43","-156.88","14724318"
"150117","Unit no 133 Bryanston","2016-01-14","Invoice","Deposit","263279","HTA","Deposit","1,320.00","","14724319"
"150117","Unit no 133 Bryanston","2016-01-14","Invoice","Other","263279","HTA","Admin Once Off","100.00","-12.28","14724320"
"150117","Unit no 133 Bryanston","2016-01-14","Credit note","Other","263279","HTA","PMT - allocated to unallocated accounts","-2,697.43","","14724327"
"173631","Unit no 134 Bryanston","2015-12-01","Invoice","Rent","315215","Harrison, Jocelynn","Inv Rent","1,210.00","-148.60","14238123"
"173631","Unit no 134 Bryanston","2016-01-01","Invoice","Rent","315215","Harrison, Jocelynn","Inv Rent","1,330.00","-163.33","14533613"
"141783","Unit no 136 Bryanston","2015-12-01","Invoice","Rent","263390","Van Wyk, Martin","Inv Rent","1,210.00","-148.60","14324230"
"141783","Unit no 136 Bryanston","2016-01-01","Invoice","Rent","263390","Van Wyk, Martin","Inv Rent","1,330.00","-163.33","14610656"
"140285","Unit no 137 Bryanston","2015-12-01","Invoice","Rent","320761","Parmanand, Virinda","Inv Rent","1,210.00","-148.60","14324231"
"140285","Unit no 137 Bryanston","2016-01-01","Invoice","Rent","320761","Parmanand, Virinda","Inv Rent","1,330.00","-163.33","14610657"
"142762","Unit no 139 Bryanston","2015-12-01","Invoice","Rent","399070","Bellon, Mark","Inv Rent","1,300.00","-159.65","14326985"
"142762","Unit no 139 Bryanston","2016-01-01","Invoice","Rent","399070","Bellon, Mark","Inv Rent","1,430.00","-175.61","14610658"
"166760","Unit no 14 Bryanston","2015-12-01","Invoice","Rent","299085","African Spirit Trading 307 (Pty) Ltd","Inv Rent","1,210.00","-148.60","14238124"
"166760","Unit no 14 Bryanston","2016-01-01","Invoice","Rent","299085","African Spirit Trading 307 (Pty) Ltd","Inv Rent","1,330.00","-163.33","14543825"
"149339","Unit no 140 Bryanston","2015-12-01","Invoice","Rent","372734","Miller, David Garth","Inv Rent","1,200.00","-147.37","14325736"
"149339","Unit no 140 Bryanston","2016-01-01","Invoice","Rent","372734","Miller, David Garth","Inv Rent","1,330.00","-163.33","14610659"
"172361","Unit no 15 Bryanston","2015-12-01","Invoice","Rent","312254","Sibanda, Babusi","Inv Rent","1,210.00","-148.60","14244811"
"172361","Unit no 15 Bryanston","2016-01-01","Invoice","Rent","312254","Sibanda, Babusi","Inv Rent","1,330.00","-163.33","14543826"
"170935","Unit no 16 Bryanston","2016-01-01","Invoice","Rent","289898","Kohler Africa (Pty) Ltd","Inv Rent - 3 months upfront","4,000.00","-491.23","14546983"
"170145","Unit no 17 Bryanston","2016-01-01","Invoice","Rent","308356","Sherman, Gerald","Inv Rent","1,210.00","-148.60","14533614"
"146543","Unit no 19 Bryanston","2015-12-01","Invoice","Rent","326344","Dube, Edith","Inv Rent","770.00","-94.56","14353433"
"146543","Unit no 19 Bryanston","2016-01-01","Invoice","Rent","326344","Dube, Edith","Inv Rent","850.00","-104.39","14634930"
"137611","Unit no 2 Bryanston","2015-12-01","Invoice","Rent","394443","Edwards, Paul","Inv Rent","1,200.00","-147.37","14326724"
"137611","Unit no 2 Bryanston","2016-01-01","Invoice","Rent","394443","Edwards, Paul","Inv Rent","1,330.00","-163.33","14610660"
"170708","Unit no 20 Bryanston","2015-12-01","Invoice","Rent","307999","Madhouse Graphics (Pty) Ltd","Inv Rent - ","1,111.50","-136.50","14244822"
"170708","Unit no 20 Bryanston","2016-01-01","Invoice","Rent","307999","Madhouse Graphics (Pty) Ltd","Inv Rent - ","1,230.00","-151.05","14543827"
"170709","Unit no 21 Bryanston","2015-12-01","Invoice","Rent","307999","Madhouse Graphics (Pty) Ltd","Inv Rent ","1,111.50","-136.50","14244823"
"170709","Unit no 21 Bryanston","2016-01-01","Invoice","Rent","307999","Madhouse Graphics (Pty) Ltd","Inv Rent ","1,230.00","-151.05","14543828"
"170710","Unit no 22 Bryanston","2015-12-01","Invoice","Rent","307999","Madhouse Graphics (Pty) Ltd","Inv Rent ","1,111.50","-136.50","14244824"
"170710","Unit no 22 Bryanston","2016-01-01","Invoice","Rent","307999","Madhouse Graphics (Pty) Ltd","Inv Rent ","1,230.00","-151.05","14543829"
"170711","Unit no 23 Bryanston","2015-12-01","Invoice","Rent","307999","Madhouse Graphics (Pty) Ltd","Inv Rent ","1,111.50","-136.50","14244825"
"170711","Unit no 23 Bryanston","2016-01-01","Invoice","Rent","307999","Madhouse Graphics (Pty) Ltd","Inv Rent ","1,230.00","-151.05","14543830"
"171262","Unit no 27 Bryanston","2015-12-01","Invoice","Rent","364955","Reddy, Dr Marlini","Inv Rent","1,200.00","-147.37","14325578"
"171262","Unit no 27 Bryanston","2016-01-01","Invoice","Rent","364955","Reddy, Dr Marlini","Inv Rent","1,330.00","-163.33","14610661"
"170858","Unit no 28 Bryanston","2015-12-01","Invoice","Rent","308356","Sherman, Gerald","Inv Rent","1,210.00","-148.60","14238125"
"149596","Unit no 29 Bryanston","2015-12-01","Invoice","Rent","246671","Anthony Hinds Attorneys","Inv Rent","1,200.00","-147.37","14326596"
"149596","Unit no 29 Bryanston","2016-01-01","Invoice","Rent","246671","Anthony Hinds Attorneys","Inv Rent","1,330.00","-163.33","14610662"
"136786","Unit no 3 Bryanston","2015-12-01","Invoice","Rent","308356","Sherman, Gerald","Inv Rent","1,210.00","-148.60","14238136"
"136786","Unit no 3 Bryanston","2016-01-01","Invoice","Rent","308356","Sherman, Gerald","Inv Rent","1,330.00","-163.33","14533615"
"148310","Unit no 30 Bryanston","2015-12-01","Invoice","Rent","313804","Post, Dean","Inv Rent - 3 months upfront","3,300.00","-405.26","14210399"
"165126","Unit no 31 Bryanston","2015-12-01","Invoice","Rent","295905","Hammer Investments (Pty) Ltd","Inv Rent","1,210.00","-148.60","14238126"
"165126","Unit no 31 Bryanston","2016-01-01","Invoice","Rent","295905","Hammer Investments (Pty) Ltd","Inv Rent","1,330.00","-163.33","14533616"
"190172","Unit no 32 Bryanston","2015-12-01","Invoice","Rent","372734","Miller, David Garth","Inv Rent","1,200.00","-147.37","14325748"
"190172","Unit no 32 Bryanston","2016-01-01","Invoice","Rent","372734","Miller, David Garth","Inv Rent","1,330.00","-163.33","14610663"
"149145","Unit no 35 Bryanston","2015-12-01","Invoice","Rent","263279","HTA","Inv Rent","1,155.00","-141.84","14324232"
"149145","Unit no 35 Bryanston","2016-01-01","Invoice","Rent","263279","HTA","Inv Rent","1,270.00","-155.96","14610664"
"149421","Unit no 36 Bryanston","2015-12-01","Invoice","Rent","348716","Ramalebana, Tumelo","Inv Rent","1,079.99","-132.63","12291253"
"149421","Unit no 36 Bryanston","2016-01-01","Invoice","Rent","348716","Ramalebana, Tumelo","Inv Rent","1,079.99","-132.63","12291259"
"141786","Unit no 37 Bryanston","2015-12-01","Invoice","Rent","301082","Martin Vermaak Attorneys","Inv Rent","1,210.00","-148.60","14238127"
"141786","Unit no 37 Bryanston","2016-01-01","Invoice","Rent","301082","Martin Vermaak Attorneys","Inv Rent","1,330.00","-163.33","14533617"
"141702","Unit no 38 Bryanston","2015-12-01","Invoice","Rent","280714","Dodkins, Sharon","Inv Rent","1,210.00","-148.60","14324233"
"141702","Unit no 38 Bryanston","2016-01-01","Invoice","Rent","280714","Dodkins, Sharon","Inv Rent","1,330.00","-163.33","14610665"
"139181","unit no 39 Bryanston","2015-12-01","Invoice","Rent","350809","Pallamar, Manuella","Inv Rent","900.00","-110.53","14355879"
"139181","unit no 39 Bryanston","2016-01-01","Invoice","Rent","350809","Pallamar, Manuella","Inv Rent","990.00","-121.58","14634936"
"146344","Unit no 39A Bryanston","2015-12-01","Invoice","Rent","395547","Gamley, Marna","Inv Rent","1,200.00","-147.37","14195531"
"146344","Unit no 39A Bryanston","2015-12-01","Invoice","Other","395547","Gamley, Marna","No Dep Fee ","100.00","-12.28","14195537"
"146344","Unit no 39A Bryanston","2016-01-01","Invoice","Rent","395547","Gamley, Marna","Inv Rent","1,850.00","-227.19","14543831"
"146344","Unit no 39A Bryanston","2016-01-11","Credit note","Other","250213","Cole, Pieter Michael","Pmt ags dec","-466.50","","14707572"
"146344","Unit no 39A Bryanston","2016-01-11","Credit note","Other","250213","Cole, Pieter Michael","pmt ags dec commisions","-114.00","","14707580"
"146344","Unit no 39A Bryanston","2016-01-11","Debit note","Other","250213","Cole, Pieter Michael","Contra pmt ags - over credited - only received 500 and not 580","80.00","","14707587"
"145343","Unit no 40 Bryanston","2015-12-01","Invoice","Rent","362457","Raymond, Keith","Inv Rent","1,200.00","-147.37","14325328"
"145343","Unit no 40 Bryanston","2016-01-01","Invoice","Rent","362457","Raymond, Keith","Inv Rent","1,330.00","-163.33","14610666"
"141762","Unit no 41 Bryanston","2015-12-01","Invoice","Rent","358538","Fine Print (Pty) Ltd","Inv Rent","800.00","-98.25","14325223"
"141762","Unit no 41 Bryanston","2016-01-01","Invoice","Rent","358538","Fine Print (Pty) Ltd","Inv Rent","880.00","-108.07","14610667"
"146249","Unit no 42 Bryanston","2016-01-01","Invoice","Rent","278448","Nestmann, Thomas","Inv Rent","4,000.00","-491.23","14546984"
"146249","Unit no 42 Bryanston","2016-01-14","Credit note","Other","278448","Nestmann, Thomas","PMT - allocated to unallocated accounts","-4,002.00","","14726264"
"145346","Unit no 43 Bryanston","2015-12-01","Invoice","Rent","287424","Geyser, Albert","Inv Rent","1,210.00","-148.60","14238128"
"145346","Unit no 43 Bryanston","2016-01-01","Invoice","Rent","287424","Geyser, Albert","Inv Rent","1,330.00","-163.33","14533618"
"149845","Unit no 44 Bryanston","2015-12-01","Invoice","Rent","350019","CA Nolte & Rossouw","Inv Rent","1,200.00","-147.37","14244821"
"149845","Unit no 44 Bryanston","2016-01-01","Invoice","Rent","350019","CA Nolte & Rossouw","Inv Rent","1,330.00","-163.33","14543832"
"149597","Unit no 46 Bryanston","2015-12-01","Invoice","Rent","393496","Wreth, Annette","Inv Rent","1,200.00","-147.37","14326670"
"149597","Unit no 46 Bryanston","2016-01-01","Invoice","Rent","393496","Wreth, Annette","Inv Rent","1,330.00","-163.33","14610668"
"171493","Unit no 47 Bryanston","2015-12-01","Invoice","Rent","241416","Demaine, Mark","Inv Rent","1,200.00","-147.37","14244826"
"171493","Unit no 47 Bryanston","2015-12-10","Invoice","Rent","412081","Olives & Plates Multichoice","Inv Rent - Pro Rata","1,021.94","-125.50","14459753"
"171493","Unit no 47 Bryanston","2015-12-10","Invoice","Deposit","412081","Olives & Plates Multichoice","Deposit","1,320.00","","14459756"
"171493","Unit no 47 Bryanston","2015-12-10","Invoice","Other","412081","Olives & Plates Multichoice","Admin Once Off","100.00","-12.28","14459757"
"171493","Unit no 47 Bryanston","2016-01-01","Invoice","Rent","412081","Olives & Plates Multichoice","Inv Rent","1,320.00","-162.11","14634931"
"170069","Unit no 48 Bryanston","2015-12-01","Invoice","Rent","306481","Howarth, Shanna","Inv Rent","1,210.00","-148.60","14238129"
"170069","Unit no 48 Bryanston","2016-01-01","Invoice","Rent","306481","Howarth, Shanna","Inv Rent","1,330.00","-163.33","14533619"
"149598","Unit no 49 Bryanston","2015-12-01","Invoice","Rent","404455","Singh, Vimal","Inv Rent","1,079.99","-132.63","14210522"
"149598","Unit no 49 Bryanston","2016-01-01","Invoice","Rent","404455","Singh, Vimal","Inv Rent","1,079.99","-132.63","14210524"
"137614","Unit no 5 Bryanston","2015-12-01","Invoice","Rent","261428","BBE Energy (Pty) Ltd","Quarterly invoice","3,465.00","-425.53","14248557"
"147553","Unit no 50 Bryanston","2015-12-01","Invoice","Rent","261789","Walker, Lisa Sharon","INV RENT","1,155.00","-141.84","14353434"
"147553","Unit no 50 Bryanston","2016-01-01","Invoice","Rent","261789","Walker, Lisa Sharon","INV RENT","1,270.00","-155.96","14634932"
"147412","Unit no 51 Bryanston","2015-12-01","Invoice","Rent","289898","Kohler Africa (Pty) Ltd","Inv Rent","3,630.00","-445.79","14248558"
"146998","Unit no 52 Bryanston","2015-12-01","Invoice","Rent","241428","Van Den Berg, Pieter","Inv Rent","995.50","-122.25","14244820"
"146998","Unit no 52 Bryanston","2015-12-08","Credit note","Other","241428","Van Den Berg, Pieter","Adjust the account","-0.50","","14447977"
"146998","Unit no 52 Bryanston","2016-01-01","Invoice","Rent","241428","Van Den Berg, Pieter","Inv Rent","1,100.00","-135.09","14543833"
"146995","Unit no 53 Bryanston","2015-12-01","Invoice","Rent","286772","Spitfire Furniture CC","Inv Rent","1,210.00","-148.60","14238130"
"146995","Unit no 53 Bryanston","2016-01-01","Invoice","Rent","286772","Spitfire Furniture CC","Inv Rent","1,330.00","-163.33","14533620"
"144181","Unit no 54 Bryanston","2015-12-01","Invoice","Rent","265647","Troika Imagineering Works (Pty) Ltd","INV RENT","1,155.00","-141.84","14353435"
"144181","Unit no 54 Bryanston","2015-12-04","Credit note","Other","265647","Troika Imagineering Works (Pty) Ltd","Adjust the account","-10.00","","14425892"
"144181","Unit no 54 Bryanston","2016-01-01","Invoice","Rent","265647","Troika Imagineering Works (Pty) Ltd","INV RENT","1,270.00","-155.96","14634933"
"144181","Unit no 54 Bryanston","2016-01-13","Credit note","Other","265647","Troika Imagineering Works (Pty) Ltd","PMT - allocated to unallocated accounts (04/01/2016)","-1,270.00","","14720096"
"142027","Unit no 55 Bryanston","2015-12-01","Invoice","Rent","381802","Mathulwe, Excellent","Inv Rent","2,700.00","-331.58","14248586"
"134708","Unit no 56 Bryanston","2015-12-01","Invoice","Rent","394443","Edwards, Paul","Inv Rent","750.00","-92.11","14327162"
"134708","Unit no 56 Bryanston","2016-01-01","Invoice","Rent","394443","Edwards, Paul","Inv Rent","825.00","-101.32","14610669"
"134718","Unit no 57 Bryanston","2015-12-01","Invoice","Rent","364618","Mathivha, Phathutshedzo","Inv Rent","750.00","-92.11","14325423"
"134718","Unit no 57 Bryanston","2016-01-01","Invoice","Rent","364618","Mathivha, Phathutshedzo","Inv Rent","825.00","-101.32","14610670"
"134722","Unit no 58 Bryanston","2015-12-01","Invoice","Rent","404455","Singh, Vimal","Inv Rent","799.99","-98.24","14234906"
"134722","Unit no 58 Bryanston","2015-12-01","Invoice","Deposit","404455","Singh, Vimal","Deposit","800.00","","14234913"
"134722","Unit no 58 Bryanston","2015-12-01","Invoice","Other","404455","Singh, Vimal","Admin Once Off","100.00","-12.28","14234918"
"134722","Unit no 58 Bryanston","2016-01-01","Invoice","Rent","404455","Singh, Vimal","Inv Rent","800.00","-98.25","14543834"
"134722","Unit no 58 Bryanston","2016-01-13","Credit note","Other","404455","Singh, Vimal","PMT - allocated to unallocated accounts ( 06/01/2016)","-800.00","","14720108"
"134722","Unit no 58 Bryanston","2016-01-13","Credit note","Other","404455","Singh, Vimal","PMT - allocated to unallocated accounts (06/01/2016)","-100.00","","14720120"
"149841","Unit no 59 Bryanston","2015-12-01","Invoice","Rent","364955","Reddy, Dr Marlini","Inv Rent","1,200.00","-147.37","14325443"
"149841","Unit no 59 Bryanston","2016-01-01","Invoice","Rent","364955","Reddy, Dr Marlini","Inv Rent","1,330.00","-163.33","14610671"
"139226","Unit no 6 Bryanston","2015-12-01","Invoice","Rent","358531","Pache, Philippe","Inv Rent","1,200.00","-147.37","14325222"
"139226","Unit no 6 Bryanston","2016-01-01","Invoice","Rent","358531","Pache, Philippe","Inv Rent","1,330.00","-163.33","14610672"
"157544","Unit no 60 Bryanston","2015-12-01","Invoice","Rent","280707","Zascosol (Pty) Ltd","Inv Rent","1,210.00","-148.60","14238131"
"157544","Unit no 60 Bryanston","2016-01-01","Invoice","Rent","280707","Zascosol (Pty) Ltd","Inv Rent","1,330.00","-163.33","14533621"
"158711","Unit no 61 Bryanston","2015-12-01","Invoice","Rent","283306","Carlsson, Michael George","Inv Rent","1,210.00","-148.60","14324234"
"158711","Unit no 61 Bryanston","2016-01-01","Invoice","Rent","283306","Carlsson, Michael George","Inv Rent","1,330.00","-163.33","14610673"
"135533","Unit no 62 Bryanston","2015-12-01","Invoice","Rent","370689","Monarch (Pty) Ltd","Inv Rent","1,200.00","-147.37","14238133"
"135533","Unit no 62 Bryanston","2016-01-01","Invoice","Rent","370689","Monarch (Pty) Ltd","Inv Rent","1,330.00","-163.33","14533622"
"143124","unit no 63 Bryanston","2015-12-01","Invoice","Rent","354796","Goodleser, Barry","Inv Rent","1,200.00","-147.37","14361271"
"143124","unit no 63 Bryanston","2016-01-01","Invoice","Rent","354796","Goodleser, Barry","Inv Rent","1,330.00","-163.33","14634937"
"143122","Unit no 64 Bryanston","2015-12-01","Invoice","Rent","361744","Enigma Group","Inv Rent","1,200.00","-147.37","14325303"
"143122","Unit no 64 Bryanston","2016-01-01","Invoice","Rent","361744","Enigma Group","Inv Rent","1,330.00","-163.33","14610674"
"143121","Unit no 65 Bryanston","2016-01-01","Invoice","Rent","295052","Nutricia Southern Africa (Pty) Ltd","Inv Rent - 3 months upfront","4,000.00","-491.23","14546985"
"143119","Unit no 66 Bryanston","2015-12-01","Invoice","Rent","304955","Phipson, Ross","Inv Rent","1,210.00","-148.60","14244830"
"143119","Unit no 66 Bryanston","2015-12-01","Credit note","Deposit","304955","Phipson, Ross","PMT - use deposit for Dec rent","-1,100.00","","14370358"
"143119","Unit no 66 Bryanston","2016-01-14","Invoice","Rent","419321","Katrin Packham - Katja's Events & Floral Design","Inv Rent - Pro Rata","1,149.68","-141.19","14723949"
"143119","Unit no 66 Bryanston","2016-01-14","Invoice","Deposit","419321","Katrin Packham - Katja's Events & Floral Design","Deposit","1,320.00","","14723955"
"143119","Unit no 66 Bryanston","2016-01-14","Invoice","Other","419321","Katrin Packham - Katja's Events & Floral Design","Admin Once Off","100.00","-12.28","14723963"
"143119","Unit no 66 Bryanston","2016-01-14","Credit note","Other","419321","Katrin Packham - Katja's Events & Floral Design","PMT - allocated to unallocated accounts","-2,569.68","","14723985"
"143114","Unit no 69 Bryanston","2015-12-01","Invoice","Rent","307614","Allflex SA (Pty) Ltd","Inv Rent","1,210.00","-148.60","14244812"
"143114","Unit no 69 Bryanston","2016-01-01","Invoice","Rent","307614","Allflex SA (Pty) Ltd","Inv Rent","1,330.00","-163.33","14543835"
"143114","Unit no 69 Bryanston","2016-01-13","Credit note","Other","307614","Allflex SA (Pty) Ltd","PMT - allocated to unallocated accounts (18/12/2015)","-1,210.00","","14720144"
"139225","Unit no 7 Bryanston","2015-12-01","Invoice","Rent","347155","Klinkradt, Judy","Inv Rent","1,200.00","-147.37","14365791"
"139225","Unit no 7 Bryanston","2016-01-13","Invoice","Rent","347155","Klinkradt, Judy","Inv Rent","1,320.00","-162.11","14720792"
"143113","Unit no 70 Bryanston","2016-01-01","Invoice","Rent","277620","Harvey, Paul","Inv Rent","4,000.00","-491.23","14546986"
"143113","Unit no 70 Bryanston","2016-01-14","Credit note","Rent","277620","Harvey, Paul","Inv 14546986","-2,666.66","327.48","14726471"
"143112","Unit no 71 Bryanston","2015-12-01","Invoice","Rent","277625","Tavares, Rogerio","Inv Rent","3,630.00","-445.79","14248559"
"134724","Unit no 72 Bryanston","2015-12-01","Invoice","Rent","236877","Smit, Rian","INV RENT","770.00","-94.56","14324235"
"134724","Unit no 72 Bryanston","2016-01-01","Invoice","Rent","236877","Smit, Rian","INV RENT","850.00","-104.39","14610675"
"142132","Unit no 73 Bryanston","2015-12-01","Invoice","Rent","265207","John Issabelle Attorneys","INV RENT - 3 months upfront","2,310.00","-283.68","14365886"
"137618","Unit no 74 Bryanston","2015-12-01","Invoice","Rent","271200","Makwetu, Miranda","Inv Rent","770.00","-94.56","14324236"
"137618","Unit no 74 Bryanston","2016-01-01","Invoice","Rent","271200","Makwetu, Miranda","Inv Rent","850.00","-104.39","14610676"
"139184","Unit no 75 Bryanston","2015-12-03","Credit note","Deposit","244764","Neser, Frank","PMT - use deposit for Dec rent","-1,050.00","","14408793"
"139184","Unit no 75 Bryanston","2015-12-10","Invoice","Rent","412081","Olives & Plates Multichoice","Inv Rent - Pro Rata","1,021.94","-125.50","14459787"
"139184","Unit no 75 Bryanston","2015-12-10","Invoice","Deposit","412081","Olives & Plates Multichoice","Deposit","1,320.00","","14459789"
"139184","Unit no 75 Bryanston","2015-12-10","Invoice","Other","412081","Olives & Plates Multichoice","Admin Once Off","100.00","-12.28","14459790"
"139184","Unit no 75 Bryanston","2016-01-01","Invoice","Rent","412081","Olives & Plates Multichoice","Inv Rent","1,320.00","-162.11","14634934"
"145351","Unit no 76 Bryanston","2015-12-01","Invoice","Rent","300170","Blue Sky Brands Company","Inv Rent","1,210.00","-148.60","14244813"
"145351","Unit no 76 Bryanston","2016-01-01","Invoice","Rent","300170","Blue Sky Brands Company","Inv Rent","1,330.00","-163.33","14543836"
"149843","Unit no 77 Bryanston","2016-01-01","Invoice","Rent","264653","Charlton, Jeff","Inv Rent - 3 months upfront","4,000.00","-491.23","14546987"
"142144","Unit no 78 Bryanston","2015-12-01","Invoice","Rent","361116","Potgieter, Lorna","Inv Rent","1,200.01","-147.37","13603187"
"142144","Unit no 78 Bryanston","2016-01-01","Invoice","Rent","361116","Potgieter, Lorna","Inv Rent - 3 months upfront","4,290.00","-526.84","14546988"
"142144","Unit no 78 Bryanston","2016-01-13","Credit note","Other","361116","Potgieter, Lorna","PMT - allocated to unallocated accounts (27/12/2015)","-4,290.00","","14720159"
"136631","Unit no 8 Bryanston","2015-12-01","Invoice","Rent","321356","Nitrogen Advertising Design","INV RENT - Annually","11,880.00","-1458.95","14238439"
"136631","Unit no 8 Bryanston","2015-12-01","Invoice","Rent","321356","Nitrogen Advertising Design","Inv Rent (10% increase on annual rent)","1,188.00","-145.89","14250769"
"142147","Unit no 80 Bryanston","2015-12-01","Invoice","Rent","297151","Barker, Robert","Inv Rent","1,210.00","-148.60","14238132"
"142147","Unit no 80 Bryanston","2016-01-01","Invoice","Rent","297151","Barker, Robert","Inv Rent","1,330.00","-163.33","14533623"
"142133","Unit no 81  Bryanston","2015-12-01","Invoice","Rent","300717","Wiggill, DM","Inv Rent","1,210.00","-148.60","14244814"
"142133","Unit no 81  Bryanston","2016-01-01","Invoice","Rent","300717","Wiggill, DM","Inv Rent","1,330.00","-163.33","14543837"
"134698","Unit no 82 Bryanston","2015-12-01","Invoice","Rent","282544","Malan, Alditha Ann","Inv Rent","1,265.00","-155.35","14244815"
"134698","Unit no 82 Bryanston","2016-01-01","Invoice","Rent","282544","Malan, Alditha Ann","Inv Rent","1,400.00","-171.93","14543838"
"140684","Unit no 83 Bryanston","2015-12-01","Invoice","Rent","244891","Martin, Anthony David","INV RENT","1,210.00","-148.60","14324237"
"140684","Unit no 83 Bryanston","2016-01-01","Invoice","Rent","244891","Martin, Anthony David","INV RENT","1,330.00","-163.33","14610678"
"142043","Unit no 85 Bryanston","2015-12-01","Invoice","Rent","250011","Surf 4 Specials (Pyt) Ltd","Inv Rent","1,210.00","-148.60","14324238"
"142043","Unit no 85 Bryanston","2016-01-01","Invoice","Rent","250011","Surf 4 Specials (Pyt) Ltd","Inv Rent","1,330.00","-163.33","14610679"
"142043","Unit no 85 Bryanston","2016-01-14","Invoice","Rent","419339","Mccrow, TR","Inv Rent - Pro Rata","613.16","-75.30","14724171"
"142043","Unit no 85 Bryanston","2016-01-14","Invoice","Levy","419339","Mccrow, TR","Deposit","1,320.00","","14724178"
"142043","Unit no 85 Bryanston","2016-01-14","Invoice","Other","419339","Mccrow, TR","Admin Once Off","100.00","-12.28","14724184"
"142043","Unit no 85 Bryanston","2016-01-14","Credit note","Other","419339","Mccrow, TR","PMT - allocated to unallocated accounts (07/01/2016)","-16,289.09","","14724256"
"139233","Unit no 86 Bryanston","2015-12-01","Invoice","Rent","317318","Green, Travis","Inv Rent","1,210.00","-148.60","14324239"
"139233","Unit no 86 Bryanston","2016-01-01","Invoice","Rent","317318","Green, Travis","Inv Rent","1,330.00","-163.33","14610680"
"141770","Unit no 87 Bryanston","2015-12-01","Invoice","Rent","318180","Mudd, Shaun","Inv Rent","1,210.00","-148.60","14324240"
"141770","Unit no 87 Bryanston","2016-01-01","Invoice","Rent","318180","Mudd, Shaun","Inv Rent","1,330.00","-163.33","14610681"
"141779","Unit no 88 Bryanston","2015-12-01","Invoice","Rent","249675","Harris, Richard","INV RENT ","1,210.00","-148.60","14324241"
"141779","Unit no 88 Bryanston","2016-01-01","Invoice","Rent","249675","Harris, Richard","INV RENT ","1,330.00","-163.33","14610682"
"140314","Unit no 89 bryanston","2015-12-01","Invoice","Rent","246671","Anthony Hinds Attorneys","INV RENT","1,210.00","-148.60","14324242"
"140314","Unit no 89 bryanston","2016-01-01","Invoice","Rent","246671","Anthony Hinds Attorneys","INV RENT","1,330.00","-163.33","14610683"
"137609","Unit no 9 Bryanston","2015-12-01","Invoice","Rent","241424","Nayler, Michael John","INV RENT","1,210.00","-148.60","14324243"
"137609","Unit no 9 Bryanston","2016-01-01","Invoice","Rent","241424","Nayler, Michael John","INV RENT","1,330.00","-163.33","14610684"
"146518","Unit no 90 Bryanston","2015-12-01","Invoice","Rent","263397","Muller, Nola","Inv Rent","1,210.00","-148.60","14324244"
"146518","Unit no 90 Bryanston","2016-01-01","Invoice","Rent","263397","Muller, Nola","Inv Rent","1,330.00","-163.33","14610685"
"146503","Unit no 91 Bryanston ","2015-12-01","Invoice","Rent","354998","Gilbert, Stephanie","Inv Rent","1,200.00","-147.37","14325141"
"146503","Unit no 91 Bryanston ","2016-01-01","Invoice","Rent","354998","Gilbert, Stephanie","Inv Rent","1,330.00","-163.33","14610686"
"136746","Unit no 93 Bryanston","2015-12-01","Invoice","Rent","256078","Khumalo, Brian","INV RENT","1,210.00","-148.60","14353436"
"136746","Unit no 93 Bryanston","2016-01-01","Invoice","Rent","256078","Khumalo, Brian","INV RENT","1,330.00","-163.33","14634935"
"136754","Unit no 94 Bryanston","2015-12-01","Invoice","Rent","371480","Key Spirit Developments (Pty) Ltd","Inv Rent","1,200.00","-147.37","14244827"
"136754","Unit no 94 Bryanston","2016-01-01","Invoice","Rent","371480","Key Spirit Developments (Pty) Ltd","Inv Rent","1,330.00","-163.33","14543839"
"136754","Unit no 94 Bryanston","2016-01-13","Credit note","Other","371480","Key Spirit Developments (Pty) Ltd","PMT - allocated to unallocated accounts (30/12/2015)","-1,200.00","","14720074"
"136761","Unit no 95 Bryanston","2015-12-01","Invoice","Rent","302127","Barker, James","Inv Rent - 2 months upfront","2,420.00","-297.19","14238435"
"138008","Unit no 96 Bryanston","2015-12-01","Invoice","Rent","241428","Van Den Berg, Pieter","INV RENT","1,980.00","-243.16","14244816"
"138008","Unit no 96 Bryanston","2016-01-01","Invoice","Rent","241428","Van Den Berg, Pieter","INV RENT","2,180.00","-267.72","14543840"
"138005","Unit no 97 Bryanston","2015-12-01","Invoice","Rent","241428","Van Den Berg, Pieter","INV RENT","1,980.00","-243.16","14244817"
"138005","Unit no 97 Bryanston","2016-01-01","Invoice","Rent","241428","Van Den Berg, Pieter","INV RENT","2,180.00","-267.72","14543841"
"138169","Unit no 98 Bryanston","2015-12-01","Invoice","Rent","242814","Siwale, Sulanji","Rent","1,265.00","-155.35","14324245"
"138169","Unit no 98 Bryanston","2016-01-01","Invoice","Rent","242814","Siwale, Sulanji","Rent","1,400.00","-171.93","14610687"
"137767","Unit no 99 Bryanston","2016-01-01","Invoice","Rent","241817","Erasmus, Lourens","INV RENT - 3 months upfront","4,000.00","-491.23","14574103"
"143809","Unit no. 4 Bryanston","2015-12-01","Invoice","Rent","315744","Spa Services CC","Inv Rent","1,210.00","-148.60","14238135"
"143809","Unit no. 4 Bryanston","2016-01-01","Invoice","Rent","315744","Spa Services CC","Inv Rent","4,000.00","-491.23","14533624"
"143809","Unit no. 4 Bryanston","2016-01-07","Credit note","Rent","315744","Spa Services CC","Invoiced incorrect increase amount","-4,000.00","491.23","14693852"
"143809","Unit no. 4 Bryanston","2016-01-07","Invoice","Rent","315744","Spa Services CC","Rent","1,330.00","-163.33","14693865"
"142143","Unit no. 79 Bryanston","2015-12-01","Invoice","Rent","362457","Raymond, Keith","Inv Rent","1,200.00","-147.37","14326219"
"142143","Unit no. 79 Bryanston","2016-01-01","Invoice","Rent","362457","Raymond, Keith","Inv Rent","1,330.00","-163.33","14610677"
