No,PayorName,PropertyID,PropertyName,DepositID,Amount,Currency,PayDay,AccountType,Balance,ContractID,EmailAddress,Mobile,ResponsibleAgent,Address1,Address2,Address3,City,Province,PostalCode,Country,Phone,Fax,PayerStatus,StartDate,EndDate,NotifyEmail,NotifySMS,DepBalance,LastInvoice,LastPayment,LastReminder
"239969","A-Waybury Adventure cc","136538","Unit no 100 Bryanston","AUC11","948.43","ZAR","1","Direct","-159.99","2568165","info@sowetotour.com","27720753388","Storage Genie","3 Waybury Road","Sandton","","","","2191","ZA","27114633306","","Inactive","2013-07-12","","Y","Y","0.00","2015-12-01","2015-11-01","2016-01-18",
"419448","Abodunrin, Jeff Olawale","139247","Unit no 109 Bryanston","AUC317","925.00","ZAR","1","Direct","4.64","4756997","greg4burg@gmail.com","27795463804","Storage Genie","4 Alexander Avenue","Kesington B","","Bryanston","","2194","ZA","27610110084","","Active","2016-01-14","","Y","Y","0.00","2016-01-14","","",
"254119","Adeleke, Olesegun","144179","Unit no 121 Bryanston","AUC92","140.00","ZAR","1","Direct","118.70","2758864","adeyinka.adeleke@yahoo.com","27736070436","Storage Genie","111 Tequilla Sunrise","Sunset Boulevard","","Lonehill","","2011","ZA","","","Inactive","2013-10-17","","Y","Y","0.00","2014-11-01","2014-10-29","",
"409635","Advanced Online Systems (Pty) Ltd","145334","Unit no 126 Bryanston","AUC310","1320.00","ZAR","2","DO","0.00","4713075","gcoetser@gacinv.co.za","27822173625","Storage Genie","19 Twee Jongegezellen Street","Hurlingham","","Sandton","","2196","ZA","27114492058","","Active","2016-01-02","","Y","Y","0.00","2016-01-02","2016-01-02","",
"299085","African Spirit Trading 307 (Pty) Ltd","166760","Unit no 14 Bryanston","AUC186","1330.00","ZAR","1","Direct","-2540.00","4713088","duwiev@yahoo.com","27799348743","Storage Genie","29 Wessels Road","Edenburg","","Rivonia","","2191","ZA","27117062558","","Active","2014-08-01","","Y","Y","0.00","2016-01-01","2015-12-01","2016-01-18",
"307614","Allflex SA (Pty) Ltd","143114","Unit no 69 Bryanston","AUC232","1330.00","ZAR","1","Direct","0.00","4713140","deon@allflexsa.com","27798730201","Storage Genie","Allflex Sa","7 Nortje Street","","Strand ","","7140","ZA","27218548877","","Active","2014-12-01","","Y","Y","0.00","2016-01-01","2016-01-18","2016-01-18",
"307614","Allflex SA (Pty) Ltd","149845","Unit no 44 Bryanston","AUC203","1100.00","ZAR","1","Direct","0.00","3484452","deon@allflexsa.com","27798730201","Storage Genie","Allflex Sa","7 Nortje Street","","Strand ","","7140","ZA","27218548877","","Inactive","2014-10-01","","Y","Y","0.00","2014-11-01","2014-11-07","2016-01-18",
"311840","Amaranth Exclusive Belair","139181","unit no 39 Bryanston","AUC217","1100.00","ZAR","1","Direct","0.00","3545395","penny@amaranth.co.za","27798922046","Storage Genie","13 Villa Pienza","24 Fountain Street B","","Lonehill","","2062","ZA","27117052434","27866240918","Inactive","2014-10-03","","Y","Y","0.00","2015-02-01","2015-02-10","",
"290971","Amgen South Africa (Pty) Ltd","139181","unit no 39 Bryanston","AUC173","1649.99","ZAR","1","Direct","12.91","3260005","allisonc@batswadi.com","27111005288","Storage Genie","35 Ballyclare Drive","Ballyoaks Office Park","Ext 7","Bryanston","","2021","ZA","","","Inactive","2014-06-02","","Y","N","0.00","2014-09-01","2014-09-15","",
"246671","Anthony Hinds Attorneys","149596","Unit no 29 Bryanston","AUC294","1330.00","ZAR","1","DO","0.00","4713101","louise@hindslaw.co.za","27836351531","Storage Genie","321 Main Road","","","Bryanston ","","2021","ZA","27114636100","","Active","2015-11-01","","Y","Y","0.00","2016-01-01","2016-01-01","",
"246671","Anthony Hinds Attorneys","140314","Unit no 89 bryanston","AUC48","1330.00","ZAR","1","DO","0.00","4713163","louise@hindslaw.co.za","27836351531","Storage Genie","321 Main Road","","","Bryanston ","","2021","ZA","27114636100","","Active","2013-08-27","","Y","Y","0.00","2016-01-01","2016-01-01","",
"299883","Artisan Projects CC","145334","Unit no 126 Bryanston","AUC187","319.36","ZAR","1","Direct","0.00","3384280","brad@artisanprojects.co.za","27836752020","Storage Genie","2nd Floor","Sandton View Centre","82 Homestead Drive","Bryanston","","2191","ZA","27114630764","","Inactive","2014-07-28","","Y","Y","0.00","2015-11-01","2015-11-09","2015-11-09",
"313339","At Six Sharp (Pty) Ltd","137917","Unit no 101 Bryanston","AUC293","1330.00","ZAR","1","DO","0.00","4713050","adric@sixsharp.co.za","27825822217","Storage Genie","26 1st Avenue East","The Warehouse Unit 1 ","","Northcliff","","2115","ZA","27114470854","","Active","2015-09-10","","Y","Y","0.00","2016-01-01","2016-01-01","",
"313339","At Six Sharp (Pty) Ltd","143115","Unit no 68 Bryanston","AUC220","674.20","ZAR","1","Direct","0.00","3564050","adric@sixsharp.co.za","27825822217","Storage Genie","26 1st Avenue East","The Warehouse Unit 1 ","","Northcliff","","2115","ZA","27114470854","","Inactive","2014-10-14","","Y","Y","0.00","2015-09-01","2015-09-01","",
"282545","Automaniac CC t/a Ignition Auto","141770","Unit no 87 Bryanston","AUC161","1000.00","ZAR","1","Direct","0.00","3143940","graham@ignitionauto.co.za","27832348618","Storage Genie","Cnr Bond and Alexandra","","","Randburg","","2194","ZA","27117815599","","Inactive","2014-04-07","","Y","Y","0.00","2014-10-03","2014-04-01","",
"302127","Barker, James","136761","Unit no 95 Bryanston","AUC192","2660.00","ZAR","1","Direct","0.00","4713169","jamesb@nedbankcapital.co.za","27832296057","Storage Genie","46 Annecy","8 Brian Street","","Bryanston","","2191","ZA","27112945756","","Active","2014-10-01","","Y","Y","0.00","2015-12-01","2015-11-26","",
"297151","Barker, Robert","142147","Unit no 80 Bryanston","AUC253","1330.00","ZAR","1","DO","0.00","4713155","robertbarker@fastmail.fm","27826846464","Storage Genie","48 Via Orivetto","","","Mornigside","","2196","ZA","27110607188","","Active","2015-04-01","","N","N","0.00","2016-01-01","2016-01-01","",
"297151","Barker, Robert","136786","Unit no 3 Bryanston","AUC183","780.64","ZAR","1","Direct","0.00","3344372","robertbarker@fastmail.fm","27826846464","Storage Genie","48 Via Orivetto","","","Mornigside","","2196","ZA","27110607188","","Inactive","2014-07-10","","N","N","0.00","","","",
"297151","Barker, Robert","149421","Unit no 36 Bryanston","AUC184","780.64","ZAR","1","Direct","0.00","3345193","robertbarker@fastmail.fm","27826846464","Storage Genie","48 Via Orivetto","","","Mornigside","","2196","ZA","27110607188","","Inactive","2014-07-10","","N","N","0.00","2015-03-01","2015-03-01","",
"261428","BBE Energy (Pty) Ltd","137614","Unit no 5 Bryanston","AUC116","3810.00","ZAR","1","Direct","0.00","4713122","janandham@bbe.co.za","27117069800","Storage Genie","41 Soane Street","","","Bryanston","","2146","ZA","27117066931","","Active","2014-03-01","","Y","Y","0.00","2015-12-01","2015-11-26","",
"399070","Bellon, Mark","142762","Unit no 139 Bryanston","AUC301","1430.00","ZAR","1","Direct","-2730.00","4713087","mark.bellon@me.com","27795119664","Storage Genie","203 Jalnga","27 Elizabeth Street","Sandringham","Johannesburg","","2192","ZA","+27729919519","","Active","2015-12-01","","Y","Y","0.00","2016-01-01","2016-01-01","2016-01-18",
"240135","Benedict, Sefolo tshegofatso","136631","Unit no 8 Bryanston","AUC12","1050.05","ZAR","1","Direct","0.00","2570537","tsefolo@gmail.com","27825715739","Storage Genie","no 5 Springbok close","","","Sandton","","2146","ZA","27112173300","","Inactive","2013-07-15","","Y","Y","0.00","2014-01-01","2014-10-17","",
"300170","Blue Sky Brands Company","145351","Unit no 76 Bryanston","AUC188","1330.00","ZAR","1","Direct","0.00","4713148","accounts@blueskybrands.co.za","27836473767","Storage Genie","42 Bultlies Way","Somerset West","","Cape Town","","7130","ZA","27217022702","27218512732","Active","2014-09-01","","Y","Y","0.00","2016-01-01","2016-01-06","2015-12-09",
"304429","Boswell, Helene","146503","Unit no 91 Bryanston ","AUC193","212.91","ZAR","1","Direct","0.00","3440817","helene.boswell@gmail.com","27723975585","Storage Genie","40 Mandeville Road","","","Bryanston","","2021","ZA","27110607532","","Inactive","2014-08-22","","N","N","0.00","2015-02-01","2015-02-01","",
"244887","Brady, Troye","139251","Unit no 112 Bryanston","AUC43","850.00","ZAR","1","DO","0.00","4713061","troye@icon.co.za","27825740998","Storage Genie","50 Outspan road","","","Morningside","Sandton","2196","ZA","","","Active","2013-08-14","","Y","Y","0.00","2016-01-01","2016-01-01","",
"349937","Brown, Joanna","137611","Unit no 2 Bryanston","AUC259","1200.01","ZAR","1","Direct","0.00","3995605","joanna@distinctionscoaching.com","27828599245","Storage Genie","24 le Ravissant","Rooivalk Street","","Magaliessig","","2067","ZA","27114673150","","Inactive","2015-04-01","","N","Y","0.00","2015-10-01","2015-09-01","",
"256198","Bruce, Robert","145334","Unit no 126 Bryanston","AUC95","1050.05","ZAR","1","Direct","0.00","2785431","robert@calulo.co.za","27832968822","Storage Genie","48 Grosvenor road","","","Bryanston","Sandton ","2191","ZA","","","Inactive","2013-10-28","","Y","Y","0.00","2014-07-01","2014-06-24","2016-01-14",
"256198","Bruce, Robert","142046","Unit no 117 Bryanston","AUC182","700.00","ZAR","1","Direct","0.00","3342905","robert@calulo.co.za","27832968822","Storage Genie","48 Grosvenor road","","","Bryanston","Sandton ","2191","ZA","","","Inactive","2014-07-09","","Y","Y","0.00","2016-01-15","2015-09-30","2016-01-14",
"241446","Brunton, Jonathan Michael","137621","Unit no 103 Bryanston","AUC24","1330.00","ZAR","1","Direct","0.00","4713052","rapidrecall@gmail.com","27836026155","Storage Genie","12 Napoleon Avenue","","","Randburg","","2194","ZA","","","Active","2014-10-01","","Y","Y","0.00","2016-01-01","2015-12-31","2015-11-02",
"350019","CA Nolte & Rossouw","149845","Unit no 44 Bryanston","AUC260","1330.00","ZAR","1","Direct","0.00","4713117","thenel@canr.co.za","27832712231","Storage Genie","4 Brian Street","","","Bryanston","","2125","ZA","27774636711","27114636182","Active","2015-05-01","","Y","Y","0.00","2016-01-01","2016-01-12","",
"236852","Calantzis, Ann","134708","Unit no 56 Bryanston","AUC5","346.67","ZAR","1","Direct","0.00","2529372","ann.calantzis@hotmail.com","27826590794","Storage Genie","unt no 36 Waterfall Heights","","","Midrand","","1685","ZA","","","Inactive","2013-06-25","","Y","Y","0.00","2015-05-05","2015-05-05","2015-05-11",
"283306","Carlsson, Michael George","158711","Unit no 61 Bryanston","AUC162","1330.00","ZAR","1","DO","0.00","4713135","mcarlsson@worldonline.co.za","27829564346","Storage Genie","28 Mill Hill","Norman Avenue","","Bryanston","","2194","ZA","","","Active","2015-01-01","","Y","Y","0.00","2016-01-01","2016-01-01","",
"308187","Carmichael, James","170790","Unit no 122 Bryanston","AUC208","770.00","ZAR","1","Direct","0.00","3491967","sarah@smartcasual.co.za","27828213730","Storage Genie","28 First Street","Abbotsford","","Johannesburg","","2192","ZA","27110235261","","Inactive","2014-09-11","","Y","Y","0.00","2015-03-01","2015-03-01","2015-08-28",
"308187","Carmichael, James","142144","Unit no 78 Bryanston","AUC250","1210.00","ZAR","1","Direct","0.00","3919993","sarah@smartcasual.co.za","27828213730","Storage Genie","28 First Street","Abbotsford","","Johannesburg","","2192","ZA","27110235261","","Inactive","2015-04-01","","Y","Y","0.00","2015-08-01","2015-07-01","2015-08-28",
"246665","Casey, Patrick","140311","Unit no 104 Bryanston","AUC47","508.09","ZAR","1","Direct","0.06","2657295","patrickca@nedbank.co.za","27834631527","Storage Genie","44 Edward Road","","","Wendywood","","2052","ZA","27112940462","","Inactive","2013-08-27","","Y","Y","0.00","2014-04-01","2014-04-01","",
"250985","Cerabuzz (Pty) Ltd","142604","Unit no 114 Bryanston","AUC69","850.00","ZAR","1","Direct","-5470.00","4713063","rose@rologroup.co.za","27828549319","Storage Genie","Office 27 Ballyclare","16 Ballyclare Street","","Bryanston","","2060","ZA","27117904218","","Active","2013-11-01","","Y","Y","0.00","2016-01-01","2015-06-19","2016-01-18",
"236819","Chadwick, Deborah","134696","Unit no 130 Bryanston","AUC1","650.01","ZAR","1","Direct","0.00","2529020","deborahc@lr.co.za","27826913888","Storage Genie","42 Majuba Lane","","","Johannesburg","","2191","ZA","","","Inactive","2013-06-25","","Y","Y","0.00","2013-06-25","2013-06-20","",
"264653","Charlton, Jeff","149843","Unit no 77 Bryanston","AUC132","4000.00","ZAR","1","Direct","-4000.00","4713149","zuria@mweb.co.za","27836004319","Storage Genie","14 Anchor Road","Ext 5","","Bryanston","","1623","ZA","27117810148","","Active","2014-04-01","","Y","Y","0.00","2016-01-01","2015-09-25","2016-01-18",
"244858","Club Sublime cc","139233","Unit no 86 Bryanston","AUC38","67.75","ZAR","1","Direct","0.00","2629097","george@taboo.co.za","27721366278","Storage Genie","45 Il Villagio","","","Douglasdale","","2191","ZA","27117832200","","Inactive","2013-08-14","","Y","Y","0.00","2014-10-01","2014-09-01","",
"244830","Clucas, Kennith","139225","Unit no 7 Bryanston","AUC35","575.84","ZAR","1","Direct","0.00","2628961","ken.clucas@gmail.com","27829219918","Storage Genie","11 Tanglewood","","","Baverley","","2191","ZA","27112665991","","Inactive","2013-08-14","","Y","Y","0.00","2013-10-01","2013-10-01","",
"244830","Clucas, Kennith","139226","Unit no 6 Bryanston","AUC36","1050.05","ZAR","1","Direct","0.00","2628986","ken.clucas@gmail.com","27829219918","Storage Genie","11 Tanglewood","","","Baverley","","2191","ZA","27112665991","","Inactive","2013-08-14","","Y","Y","0.00","2014-03-01","2014-03-01","",
"289235","Cogan, Paul","150117","Unit no 133 Bryanston","AUC170","1100.00","ZAR","1","Direct","110.00","3230760","coganp@mweb.co.za","27825786566","Storage Genie","54 Warren Street","Tamboerskloof","","Cape Town","","8001","ZA","27214239659","","Inactive","2014-05-22","","Y","Y","1142.36","2015-12-01","2015-11-30","",
"250213","Cole, Pieter Michael","146344","Unit no 39A Bryanston","AUC103","650.00","ZAR","1","Direct","-10755.49","2811122","peter.m.cole50@gmail.com","27769996392","Storage Genie","33A Cumberland Avenue","","","Bryanston","Gauteng","2021","ZA","27825401530","","Inactive","2013-11-08","","Y","Y","0.00","2015-11-01","","2016-01-18",
"291434","Collier, Simon","134696","Unit no 130 Bryanston","AUC174","630.00","ZAR","1","Direct","0.00","3265739","thlonipa@gmail.com","27718691911","Storage Genie","8 Loch Road","","","Bryanston","","2191","ZA","27112575238","","Inactive","2014-06-04","","Y","Y","0.00","2015-08-01","2015-07-03","2015-07-03",
"296989","Colquhon, Ian","161856","Unit no 128 Bryanston","AUC181","4000.00","ZAR","1","Direct","0.00","4713077","icolquhoun@angloplat.com","27834557084","Storage Genie","15 12th Street","","","Parkhurst","","2193","ZA","27113736410","","Active","2014-11-01","","Y","Y","0.00","2015-11-01","2015-11-03","2015-11-03",
"286755","CPC Plus Solutions","160369","Unit no 127 Bryanston","AUC166","4000.00","ZAR","1","Direct","3630.00","4713076","accounts@cpcplus.co.za","","Storage Genie","57 Sloane Street","Wrigley Field The C","","Bryanston","","2021","ZA","27873515000","","Active","2014-08-01","","Y","N","0.00","2015-11-01","2015-12-14","2015-11-05",
"281011","Cullingworth, Brendan Mervyn","143441","Unit no 10 Bryanston","AUC159","1330.00","ZAR","1","Direct","1120.00","4731506","cullingworth@gmail.com","27827727168","Storage Genie","32 Peter Place","Lyme Park","","Bryanston","","","ZA","27114638444","","Active","2014-04-26","2016-01-31","Y","Y","1149.09","2016-01-01","2016-01-04","2015-11-02",
"259606","Damant, Graham","146998","Unit no 52 Bryanston","AUC112","560.03","ZAR","1","Direct","0.00","2824302","g.damant@bowman.co.za","27825611504","Storage Genie","5A Cambridge Road","","","Bryanston","","2191","ZA","27116699508","","Inactive","2013-11-18","","Y","Y","0.00","2014-03-01","2014-03-01","",
"325082","De Almida, Luis","139252","Unit no 105 Bryanston","AUC237","1330.00","ZAR","1","DO","0.00","4713054","luis@sidaeducation.com","27842578840","Storage Genie","20 St Hilaire","Karen Street","","Bryanston","","2191","ZA","","","Active","2015-01-01","","Y","Y","0.00","2016-01-01","2016-01-01","",
"375961","De Bruin, Liesl","134696","Unit no 130 Bryanston","AUC286","825.00","ZAR","1","DO","0.00","4713080","liesldb@gmail.com","27823935559","Storage Genie","5 Crawford Manor","55 Crawford Road","Douglasdale","Randburg","","2146","ZA","27115067332","","Active","2015-09-01","","Y","Y","0.00","2016-01-01","2016-01-01","",
"286759","De Villiers, Colin","146998","Unit no 52 Bryanston","AUC167","1100.00","ZAR","1","Direct","330.00","3198598","colin@devee.co.za","27824436420","Storage Genie","6 Mandeville Gardens","65 Mandeville Road","","Bryanston","","2191","ZA","27117041643","","Inactive","2014-05-05","","Y","Y","0.00","2015-04-01","2015-03-01","",
"241416","Demaine, Mark","137606","Unit no 115 Bryanston","AUC19","314.51","ZAR","1","Direct","0.00","2586965","mark.demaine@gmail.com","","Storage Genie","34 Bantry Ova","Bryanston","","","","2191","ZA","27725574275","","Inactive","2013-07-24","","Y","Y","0.00","2015-04-01","2015-06-09","2015-11-05",
"241416","Demaine, Mark","171493","Unit no 47 Bryanston","AUC278","1200.01","ZAR","1","Direct","0.00","4186946","mark.demaine@gmail.com","","Storage Genie","34 Bantry Ova","Bryanston","","","","2191","ZA","27725574275","","Inactive","2015-07-01","","Y","Y","0.00","2015-12-01","2015-11-07","2015-11-05",
"249652","Dobson, Bill","141770","Unit no 87 Bryanston","AUC53","270.98","ZAR","1","Direct","1100.00","2699148","dobson.bf@gmail.com","","Storage Genie","59 Villa Maroc Smit Street","","","Olivedale","","2158","ZA","27113501254","","Inactive","2013-09-18","","Y","N","0.00","2014-03-07","2014-02-27","",
"280714","Dodkins, Sharon","141702","Unit no 38 Bryanston","AUC158","1330.00","ZAR","1","DO","0.00","4713111","sharon@firecontrol.co.za","27828270782","Storage Genie","6 Geelhout Avenue","Ext 1","Randpark Ridge","Randburg","","2194","ZA","27114631404","","Active","2014-05-01","","Y","Y","0.00","2016-01-01","2016-01-01","",
"265311","Dreamz Logistics cc","150117","Unit no 133 Bryanston","AUC139","1050.00","ZAR","1","Direct","-3985.79","2907930","kenny@dreamzlogistics.co.za","27834255235","Storage Genie","788 16th Road","Randjespark","","","","1682","ZA","0110221981","","Inactive","2013-12-20","","N","N","0.00","2014-05-01","2014-01-01","2016-01-18",
"332476","Dreyer, Kevin","136783","Unit no 18 Bryanston","AUC246","2640.00","ZAR","1","Direct","0.00","4713093","knightfourtwo@gmail.com","27827975026","Storage Genie","82 Ascari","Niven Avenue","","Douglasdale","","2191","ZA","27115295029","","Active","2015-05-01","","Y","Y","0.00","2015-11-01","2015-11-02","2015-11-02",
"261598","Du Preez, Juan-Pierre","148314","Carport 1 Bryanston","AUC118","150.00","ZAR","1","Direct","0.00","2855599","jp.dupreez@roytecsa.com","27728900090","Storage Genie","18 The Cresent","","","Morningside","","2057","ZA","27116080000","","Inactive","2013-11-28","","Y","Y","0.00","2015-09-01","2015-08-01","",
"326344","Dube, Edith","146543","Unit no 19 Bryanston","AUC240","850.00","ZAR","1","Direct","-8200.00","4713094","edith@penuel.co.za","27848855914","Storage Genie","25 Cyrus Place","","","Northriding","","2188","ZA","","","Active","2015-01-01","","Y","Y","0.00","2016-01-01","2015-04-29","2016-01-18",
"244852","Dudley, Jessica Helen","139231","Unit no 113 Bryanston","AUC37","650.01","ZAR","1","Direct","0.00","2629080","jess.dudley@mweb.co.za","27826037616","Storage Genie","37 Douglas Park","","","Douglasdale","","2055","ZA","27110229144","","Inactive","2013-08-14","","Y","Y","0.00","2014-09-01","2014-08-01","",
"313155","Duff, Mike","142140","Unit no 135 Bryanston","AUC219","4000.00","ZAR","1","Direct","0.00","4713083","mike@bastion.bz","27825524319","Storage Genie","13 Bryanston Glades","Banbury Street","","Bryanston","","2191","ZA","27117785800","","Active","2015-02-01","","Y","Y","0.00","2015-11-01","2015-10-31","",
"316188","Dunlop, Robert","139252","Unit no 105 Bryanston","AUC227","266.13","ZAR","1","Direct","0.00","3603431","robd@4tress.co.za","27823326617","Storage Genie","14 Morris Avenue","Blairgowrie","","Randburg","","2194","ZA","27113262797","","Inactive","2014-10-28","","Y","Y","0.00","2014-12-01","2014-10-27","",
"236835","Eckersley, Antoinette","134703","Unit no 131 Bryanston","AUC3","650.01","ZAR","1","Direct","0.00","2529185","eckersley_antoinette@yahoo.com","27726123591","Storage Genie","Unit 20","Bryanston","Gauteng","2021","South Africa","2191","ZA","27115407100","","Inactive","2013-06-25","","Y","Y","0.00","2014-02-01","2013-12-30","",
"236835","Eckersley, Antoinette","147410","Unit no 13 Bryanston","AUC113","1050.05","ZAR","1","Direct","0.00","2836324","eckersley_antoinette@yahoo.com","27726123591","Storage Genie","Unit 20","Bryanston","Gauteng","2021","South Africa","2191","ZA","27115407100","","Inactive","2013-11-22","","Y","Y","0.00","2014-10-01","2014-09-01","",
"394443","Edwards, Paul","137611","Unit no 2 Bryanston","AUC298","1330.00","ZAR","1","DO","0.00","4713095","paul@merryncapital.co.za","27837097007","Storage Genie","Unot 406","The Bantry Bay","","Cape Town","","8001","ZA","","","Active","2015-12-01","","Y","Y","0.00","2016-01-01","2016-01-01","",
"394443","Edwards, Paul","134708","Unit no 56 Bryanston","AUC305","825.00","ZAR","1","DO","0.01","4713129","paul@merryncapital.co.za","27837097007","Storage Genie","Unot 406","The Bantry Bay","","Cape Town","","8001","ZA","","","Active","2015-11-09","","Y","Y","0.00","2016-01-01","2016-01-01","",
"252155","Efficiency Advertising","143111","Unit no 108 Bryanston","AUC76","1100.00","ZAR","1","Direct","0.00","2734565","rene@efficiency.za.net","27829902265","Storage Genie","PO Box 1113","Bedfordview","","","Gauteng","2007","ZA","0114633339","","Inactive","2013-10-03","","Y","Y","0.00","2013-12-01","2013-12-01","2015-11-03",
"252155","Efficiency Advertising","143112","Unit no 71 Bryanston","AUC77","699.99","ZAR","1","Direct","-1100.00","2734638","rene@efficiency.za.net","27829902265","Storage Genie","PO Box 1113","Bedfordview","","","Gauteng","2007","ZA","0114633339","","Inactive","2013-10-03","","Y","Y","0.00","2014-03-01","2014-02-01","2015-11-03",
"252155","Efficiency Advertising","143113","Unit no 70 Bryanston","AUC78","699.99","ZAR","1","Direct","-1100.00","2734659","rene@efficiency.za.net","27829902265","Storage Genie","PO Box 1113","Bedfordview","","","Gauteng","2007","ZA","0114633339","","Inactive","2013-10-03","","Y","Y","0.00","2014-03-01","2014-02-01","2015-11-03",
"252155","Efficiency Advertising","143114","Unit no 69 Bryanston","AUC79","699.99","ZAR","1","Direct","-2150.00","2734674","rene@efficiency.za.net","27829902265","Storage Genie","PO Box 1113","Bedfordview","","","Gauteng","2007","ZA","0114633339","","Inactive","2013-10-03","","Y","Y","0.00","2014-04-01","2014-02-01","2015-11-03",
"252155","Efficiency Advertising","143115","Unit no 68 Bryanston","AUC80","699.99","ZAR","1","Direct","-2150.00","2734685","rene@efficiency.za.net","27829902265","Storage Genie","PO Box 1113","Bedfordview","","","Gauteng","2007","ZA","0114633339","","Inactive","2013-10-03","","Y","Y","0.00","2014-04-01","2014-02-01","2015-11-03",
"252155","Efficiency Advertising","143117","Unit no 67 Bryanston","AUC81","699.99","ZAR","1","Direct","-2150.00","2734699","rene@efficiency.za.net","27829902265","Storage Genie","PO Box 1113","Bedfordview","","","Gauteng","2007","ZA","0114633339","","Inactive","2013-10-03","","Y","Y","0.00","2014-04-01","2014-02-01","2015-11-03",
"252155","Efficiency Advertising","143119","Unit no 66 Bryanston","AUC82","699.99","ZAR","1","Direct","-2150.00","2734731","rene@efficiency.za.net","27829902265","Storage Genie","PO Box 1113","Bedfordview","","","Gauteng","2007","ZA","0114633339","","Inactive","2013-10-03","","Y","Y","0.00","2014-04-01","2014-02-01","2015-11-03",
"252155","Efficiency Advertising","143121","Unit no 65 Bryanston","AUC83","699.99","ZAR","1","Direct","-2150.00","2734745","rene@efficiency.za.net","27829902265","Storage Genie","PO Box 1113","Bedfordview","","","Gauteng","2007","ZA","0114633339","","Inactive","2013-10-03","","Y","Y","0.00","2014-04-01","2014-02-01","2015-11-03",
"252155","Efficiency Advertising","143122","Unit no 64 Bryanston","AUC84","699.99","ZAR","1","Direct","-650.00","2734758","rene@efficiency.za.net","27829902265","Storage Genie","PO Box 1113","Bedfordview","","","Gauteng","2007","ZA","0114633339","","Inactive","2013-10-03","","Y","Y","0.00","2014-04-01","2014-02-01","2015-11-03",
"252155","Efficiency Advertising","143124","unit no 63 Bryanston","AUC85","699.99","ZAR","1","Direct","-1100.00","2734764","rene@efficiency.za.net","27829902265","Storage Genie","PO Box 1113","Bedfordview","","","Gauteng","2007","ZA","0114633339","","Inactive","2013-10-03","","Y","Y","0.00","2014-03-01","2014-02-01","2015-11-03",
"361744","Enigma Group","143122","Unit no 64 Bryanston","AUC268","1330.00","ZAR","1","DO","0.00","4713137","jacqui@enigmagroup.co.za","","Storage Genie","2 Bruton Road","","Bryanston","Sandton","","2021","ZA","27113671940","","Active","2015-07-01","","Y","N","0.00","2016-01-01","2016-01-01","",
"241817","Erasmus, Lourens","137767","Unit no 99 Bryanston","AUC25","4000.00","ZAR","1","Direct","0.00","4713173","lourens.erasmus@up.ac.za","27833257448","Storage Genie","16 Waybury Road","","","Sandton ","","2021","ZA","27124204947","","Active","2013-10-01","","Y","Y","0.00","2016-01-01","2016-01-11","",
"358538","Fine Print (Pty) Ltd","141762","Unit no 41 Bryanston","AUC266","880.00","ZAR","1","DO","0.00","4713114","sven@fine-print.co.za","27827828467","Storage Genie","The Business Centre","Design Quarter Centre","","Johannesburg","","2055","ZA","27115133000","","Active","2015-06-01","","Y","Y","0.00","2016-01-01","2016-01-01","",
"241439","First World Marketing and Media (Pty) Ltd","137618","Unit no 74 Bryanston","AUC23","482.27","ZAR","1","Direct","0.00","2587543","wendy@iburst.co.za","27849993639","Storage Genie","910A Sandhurst Towers","","","sandton ","","2196","ZA","27217913178","","Inactive","2013-07-24","","Y","Y","0.00","2014-07-01","2014-07-01","",
"355505","Flint Studio","190172","Unit no 32 Bryanston","AUC264","1200.01","ZAR","1","Direct","0.00","4035332","reception@flintstudio.com","27828796040","Storage Genie","Flint Studio","495 Summit Road","","Morningside","","2196","ZA","27117842882","","Inactive","2015-05-01","","Y","Y","0.00","2015-06-01","2015-04-22","",
"252930","Frogss, Martiner","137614","Unit no 5 Bryanston","AUC87","105.01","ZAR","1","Direct","1050.00","2744868","martinerfrogss@gmail.com","27832452790","Storage Genie","785 Castello River Estates","Mulbarton Road","Beverley","","","2194","ZA","27114601677","","Inactive","2013-10-09","","Y","Y","0.00","2013-11-01","2013-11-01","",
"252930","Frogss, Martiner","143441","Unit no 10 Bryanston","AUC88","105.01","ZAR","1","Direct","1.88","2744909","martinerfrogss@gmail.com","27832452790","Storage Genie","785 Castello River Estates","Mulbarton Road","Beverley","","","2194","ZA","27114601677","","Inactive","2013-10-09","","Y","Y","0.00","2013-12-01","2013-11-01","",
"252930","Frogss, Martiner","149851","Unit no 12 Bryanston","AUC134","846.81","ZAR","1","Direct","0.00","2898655","martinerfrogss@gmail.com","27832452790","Storage Genie","785 Castello River Estates","Mulbarton Road","Beverley","","","2194","ZA","27114601677","","Inactive","2013-12-17","","Y","Y","0.00","2014-03-01","2014-03-01","",
"252930","Frogss, Martiner","139225","Unit no 7 Bryanston","AUC135","846.81","ZAR","1","Direct","0.00","2898724","martinerfrogss@gmail.com","27832452790","Storage Genie","785 Castello River Estates","Mulbarton Road","Beverley","","","2194","ZA","27114601677","","Inactive","2013-12-17","","Y","Y","0.00","2014-03-01","2014-03-01","",
"395547","Gamley, Marna","139244","Unit no 107 Bryanson","AUC299","1330.00","ZAR","1","Direct","0.00","4713056","mgamley@gmail.com","27844520130","Storage Genie","30 Fifth Street","Parkhurst","","Johannesburg","","2193","ZA","27114703703","","Active","2015-12-01","","Y","Y","0.00","2016-01-01","2016-01-18","2016-01-18",
"395547","Gamley, Marna","146344","Unit no 39A Bryanston","AUC306","1850.00","ZAR","1","Direct","0.00","4713112","mgamley@gmail.com","27844520130","Storage Genie","30 Fifth Street","Parkhurst","","Johannesburg","","2193","ZA","27114703703","","Active","2016-01-01","","Y","Y","654.50","2016-01-01","2016-01-18","2016-01-18",
"249634","Gazard, Nicole","141762","Unit no 41 Bryanston","AUC52","20.96","ZAR","1","Direct","0.00","2699001","nicolegazard@gmail.com","27833565943","Storage Genie","12 Brookwood","20 4th Ave","","Linden","Johannesburg","2192","ZA","27118255816","","Inactive","2013-09-18","","Y","Y","0.00","2014-11-01","2014-10-01","",
"287424","Geyser, Albert","145346","Unit no 43 Bryanston","AUC169","1330.00","ZAR","1","DO","0.00","4713116","albertgeyser@gmail.com","27839814514","Storage Genie","20 Coral Grove","Grand National Boulevard","Milnerton","Cape Town","","7741","ZA","","","Active","2014-06-01","","Y","Y","0.00","2016-01-01","2016-01-01","",
"354998","Gilbert, Stephanie","146503","Unit no 91 Bryanston ","AUC263","1330.00","ZAR","1","DO","0.00","4713166","steph.gilbert120@gmail.com","27837231876","Storage Genie","6 Pipilo Estate","50 Grey Street","Kesington B","Randburg","","2194","ZA","27113262640","","Active","2015-05-01","","Y","Y","0.00","2016-01-01","2016-01-01","",
"264650","Glow Promotions (Pty) Ltd","149841","Unit no 59 Bryanston","AUC130","1050.00","ZAR","1","DO","0.00","2898432","accounts@glowpromos.co.za","27877004242","Storage Genie","191 Jan Smuts Avenue","Parktown North","Johannesburg","","","2193","ZA","","","Inactive","2014-01-01","","Y","Y","0.00","2015-05-01","2015-04-01","2015-05-22",
"264650","Glow Promotions (Pty) Ltd","142762","Unit no 139 Bryanston","AUC131","1050.00","ZAR","1","DO","0.00","2898441","accounts@glowpromos.co.za","27877004242","Storage Genie","191 Jan Smuts Avenue","Parktown North","Johannesburg","","","2193","ZA","","","Inactive","2014-01-01","","Y","Y","0.00","2015-01-07","2015-01-07","2015-05-22",
"354796","Goodleser, Barry","143124","unit no 63 Bryanston","AUC262","1330.00","ZAR","1","Direct","-1330.00","4713176","barry@carmart.co.za","27828299960","Storage Genie","27 Homestead Avenue","","","Bryanston","","2191","ZA","","","Active","2015-05-01","","Y","Y","0.00","2016-01-01","2015-12-03","2016-01-18",
"306673","Govender, Dhevin","142140","Unit no 135 Bryanston","AUC199","1649.99","ZAR","1","Direct","0.00","3473668","dhevin@yahoo.com","27845296412","Storage Genie","19 Fifth Avenue","Fountainblue","","Randburg","","2032","ZA","27112946100","","Inactive","2014-09-02","","Y","Y","0.00","2014-09-02","2014-08-29","",
"280358","Govender, Lena","137920","Unit no 102 Bryanston","AUC155","1100.00","ZAR","1","Direct","0.00","3109792","naidoodesi339@gmail.com","27760382926","Storage Genie","57 Killcullen Estate","Witney Road","","Bryanston","","2119","ZA","","","Inactive","2014-04-01","","Y","Y","0.00","2015-03-01","2015-03-04","",
"309478","Gray, Robin","171322","Unit no 45 Bryanston","AUC213","1100.00","ZAR","1","Direct","0.00","3508548","robingray@steelbank.co.za","278324502156","Storage Genie","8 Tralee Road","","","Bryanston","","2021","ZA","27112015900","","Inactive","2014-10-01","","Y","Y","0.00","2014-11-01","2014-11-01","2015-05-11",
"309478","Gray, Robin","142027","Unit no 55 Bryanston","AUC214","700.01","ZAR","1","Direct","0.00","3508608","robingray@steelbank.co.za","278324502156","Storage Genie","8 Tralee Road","","","Bryanston","","2021","ZA","27112015900","","Inactive","2014-10-01","","Y","Y","0.00","2015-05-01","2015-05-12","2015-05-11",
"309478","Gray, Robin","142607","Unit no 123 Bryanston","AUC233","1100.00","ZAR","1","DO","0.00","3651955","robingray@steelbank.co.za","278324502156","Storage Genie","8 Tralee Road","","","Bryanston","","2021","ZA","27112015900","","Inactive","2014-12-01","","Y","Y","0.00","2015-05-01","2015-05-12","2015-05-11",
"317318","Green, Travis","148314","Carport 1 Bryanston","AUC300","550.00","ZAR","1","DO","0.00","4713046","tgreen@javacapital.co.za","27833041200","Storage Genie","2 Wentworth Village","101 Curzon Road","","Bryanston","","2021","ZA","27112930171","","Active","2015-10-20","","Y","Y","0.00","2016-01-01","2016-01-01","",
"317318","Green, Travis","139233","Unit no 86 Bryanston","AUC229","1330.00","ZAR","1","DO","0.00","4713160","tgreen@javacapital.co.za","27833041200","Storage Genie","2 Wentworth Village","101 Curzon Road","","Bryanston","","2021","ZA","27112930171","","Active","2014-12-01","","Y","Y","0.00","2016-01-01","2016-01-01","",
"295905","Hammer Investments (Pty) Ltd","165126","Unit no 31 Bryanston","AUC179","1330.00","ZAR","1","DO","100.00","4713104","rj.dunn81@gmail.com","27829493355","Storage Genie","Unit 2 ","Crystal Court","38 Centre Road","Johannesburg","","2010","ZA","27871600900","27864060161","Active","2014-08-01","","N","N","0.00","2016-01-01","2016-01-01","",
"249675","Harris, Richard","141779","Unit no 88 Bryanston","AUC55","1330.00","ZAR","1","DO","0.01","4713162","infinityelectro@mwebbiz.co.za","27842690077","Storage Genie","6 Pentlands Road","Blaigowrie","","Randburg","","2194","ZA","27117829232","","Active","2013-09-18","","Y","Y","0.00","2016-01-01","2016-01-01","",
"315215","Harrison, Jocelynn","173631","Unit no 134 Bryanston","AUC222","1330.00","ZAR","1","DO","0.00","4713082","jocelynn101@gmail.com","27825662333","Storage Genie","Unit 6 Sherwood Forest","Libertas Road","","Bryanston","","2118","ZA","","","Active","2014-12-01","","N","N","0.00","2016-01-01","2016-01-01","",
"277620","Harvey, Paul","143113","Unit no 70 Bryanston","AUC149","4000.00","ZAR","1","Direct","0.00","4713142","pharveysa@gmail.com","27713658634","Storage Genie","2199 Witney Street","Ext 1","","Bryanston","","2191","ZA","27117506823","","Active","2014-07-01","","Y","Y","0.00","2016-01-01","2015-12-28","2016-01-14",
"330316","Herbert, Nick","143837","Unit no 125 Bryanston","AUC244","1330.00","ZAR","1","DO","0.00","4713074","nick.brbrt@gmail.com","27814115099","Storage Genie","14 Falcongate","Tudor Rad","Sunninghill Gardens","Sunninghill","","2191","ZA","27112347062","","Active","2015-01-08","","Y","Y","0.00","2016-01-01","2016-01-01","",
"392465","HI Tech Laboratory","139243","Unit no 106 Bryanston","AUC296","1900.00","ZAR","1","Direct","0.00","4741028","antman@hitechlab.net","27826006022","Storage Genie","101 Eccelston Cresent","","","Bryanston","","1721","ZA","27114638272","","Active","2015-10-06","","Y","Y","0.00","2016-01-07","2016-01-07","2015-12-08",
"283692","Hickman, Anthony","143122","Unit no 64 Bryanston","AUC163","990.00","ZAR","1","Direct","0.00","3154892","ayvon@mweb.co.za","27788043377","Storage Genie","15 Eric Rosendorff Drive","Fichardtpark","","Bloemfontein","","9301","ZA","27515220037","","Inactive","2014-04-14","","Y","Y","0.00","2014-12-01","2014-12-01","",
"249989","Hinde, Dylan","142027","Unit no 55 Bryanston","AUC58","563.34","ZAR","1","Direct","0.00","2700611","npsbox@vodamail.co.za","27820843916","Storage Genie","22 Ascari ","Niven Road","Sandton","","","2191","ZA","27794917788","","Inactive","2013-09-18","","Y","Y","0.00","2014-09-01","2014-06-21","",
"249989","Hinde, Dylan","136754","Unit no 94 Bryanston","AUC202","1100.00","ZAR","1","Direct","0.00","3484429","npsbox@vodamail.co.za","27820843916","Storage Genie","22 Ascari ","Niven Road","Sandton","","","2191","ZA","27794917788","","Inactive","2014-09-08","","Y","Y","0.00","2015-06-01","2015-03-13","",
"261594","Hopkins, Lindsay","148310","Unit no 30 Bryanston","AUC117","1050.05","ZAR","1","Direct","0.00","2855459","markhopk44@gmail.com","27820776491","Storage Genie","57, 14th Street","","Parkhurst","Johannesburg","","2193","ZA","27114470638","","Inactive","2013-11-28","","Y","Y","0.00","2014-04-01","2014-03-01","",
"261594","Hopkins, Lindsay","149421","Unit no 36 Bryanston","AUC126","1050.05","ZAR","1","Direct","0.00","2884604","markhopk44@gmail.com","27820776491","Storage Genie","57, 14th Street","","Parkhurst","Johannesburg","","2193","ZA","27114470638","","Inactive","2013-12-10","","Y","Y","0.00","2014-04-01","2014-03-01","",
"280196","House Shop","143111","Unit no 108 Bryanston","AUC236","1760.00","ZAR","1","Direct","0.00","4713057","info@houseshop.co.za","27828852953","Storage Genie","76 Cabernet ","Tin Road","","Bromhof","","2188","ZA","27114630841","","Active","2015-01-01","","Y","Y","0.00","2016-01-01","2016-01-15","2016-01-14",
"280196","House Shop","136631","Unit no 8 Bryanston","AUC154","1100.00","ZAR","1","Direct","0.00","3106947","info@houseshop.co.za","27828852953","Storage Genie","76 Cabernet ","Tin Road","","Bromhof","","2188","ZA","27114630841","","Inactive","2014-04-01","","Y","Y","0.00","2014-11-01","2014-10-03","2016-01-14",
"280196","House Shop","140285","Unit no 137 Bryanston","AUC224","1100.00","ZAR","1","Direct","0.00","3590608","info@houseshop.co.za","27828852953","Storage Genie","76 Cabernet ","Tin Road","","Bromhof","","2188","ZA","27114630841","","Inactive","2014-11-01","","Y","Y","0.00","2014-11-01","2014-10-23","2016-01-14",
"306481","Howarth, Shanna","170069","Unit no 48 Bryanston","AUC196","1330.00","ZAR","1","DO","0.00","4713120","shannaalva@gmail.com","27769729103","Storage Genie","6 The Boardwalk","1st Avenue","","Edenburg","","2128","ZA","27112342731","","Active","2014-10-01","","Y","Y","0.00","2016-01-01","2016-01-01","2015-09-08",
"263279","HTA","144179","Unit no 121 Bryanston","AUC239","1450.00","ZAR","1","DO","0.00","4713071","kmeikle@mweb.co.za","27832668824","Storage Genie","128 Bram Fischer Drive","","","Ferndale","","2160","ZA","27112850937","","Active","2014-12-09","","Y","Y","0.00","2016-01-01","2016-01-01","",
"263279","HTA","149145","Unit no 35 Bryanston","AUC120","1270.00","ZAR","1","DO","70.00","4713106","kmeikle@mweb.co.za","27832668824","Storage Genie","128 Bram Fischer Drive","","","Ferndale","","2160","ZA","27112850937","","Active","2014-01-01","","Y","Y","0.00","2016-01-01","2016-01-01","",
"263279","HTA","150117","Unit no 133 Bryanston","AUC318","1320.00","ZAR","1","Direct","0.00","4757014","kmeikle@mweb.co.za","27832668824","Storage Genie","128 Bram Fischer Drive","","","Ferndale","","2160","ZA","27112850937","","Active","2016-01-14","","Y","Y","0.00","2016-01-14","","",
"249994","Icas Southern Africa (Pty) Ltd","142033","Unit no 119 Bryanston","AUC59","4000.00","ZAR","1","Direct","0.00","4713068","anaidoo@icas.co.za","27113806800","Storage Genie","Ground Floor Moorgate Building","6 North Road","Dunkeld West","Johannesburg","Gauteng","2121","ZA","27113806800","27113257122","Active","2013-12-01","","Y","N","0.00","2015-12-01","2015-12-11","2015-12-11",
"249994","Icas Southern Africa (Pty) Ltd","142036","Unit no 120 Bryanston ","AUC60","4000.00","ZAR","1","Direct","0.08","4713070","anaidoo@icas.co.za","27113806800","Storage Genie","Ground Floor Moorgate Building","6 North Road","Dunkeld West","Johannesburg","Gauteng","2121","ZA","27113806800","27113257122","Active","2013-12-01","","Y","N","0.00","2015-12-01","2015-12-11","2015-12-11",
"249994","Icas Southern Africa (Pty) Ltd","170145","Unit no 17 Bryanston","AUC198","1100.00","ZAR","1","Direct","0.00","3473508","anaidoo@icas.co.za","27113806800","Storage Genie","Ground Floor Moorgate Building","6 North Road","Dunkeld West","Johannesburg","Gauteng","2121","ZA","27113806800","27113257122","Inactive","2014-09-02","","Y","N","0.00","2015-05-01","2015-06-25","2015-12-11",
"283949","Intellepark and Security (Pty) Ltd","139226","Unit no 6 Bryanston","AUC164","880.00","ZAR","1","Direct","0.00","3157690","creditors@intellepark.co.za","27826020501","Storage Genie","Chelsea Office Park C","57 Wessels Road","","Rivonia","","2123","ZA","27861112622","","Inactive","2014-04-15","","Y","Y","0.00","2015-02-01","2015-02-01","",
"283949","Intellepark and Security (Pty) Ltd","139225","Unit no 7 Bryanston","AUC165","880.00","ZAR","1","Direct","0.00","3157700","creditors@intellepark.co.za","27826020501","Storage Genie","Chelsea Office Park C","57 Wessels Road","","Rivonia","","2123","ZA","27861112622","","Inactive","2014-04-15","","Y","Y","0.00","2015-02-01","2015-02-01","",
"283949","Intellepark and Security (Pty) Ltd","170935","Unit no 16 Bryanston","AUC211","843.33","ZAR","1","Direct","0.00","3495692","creditors@intellepark.co.za","27826020501","Storage Genie","Chelsea Office Park C","57 Wessels Road","","Rivonia","","2123","ZA","27861112622","","Inactive","2014-09-12","","Y","Y","0.00","2015-02-01","2015-02-01","",
"265207","John Issabelle Attorneys","142132","Unit no 73 Bryanston","AUC138","2540.00","ZAR","1","Direct","0.00","4713145","admin@isabelle.co.za","27825715070","Storage Genie","PO Box 55053","","","Northlands","","2116","ZA","27113264123","","Active","2013-12-19","","Y","Y","0.00","2015-12-01","2015-12-01","2015-06-02",
"279042","Kameni, Eric","135533","Unit no 62 Bryanston","AUC152","638.71","ZAR","1","Direct","0.00","3089666","eric@tholoanaconsulting.co.za","27827661366","Storage Genie","299 Main avenue","","Ferndale","Randburg","","2196","ZA","27117045071","","Inactive","2014-03-17","","Y","Y","0.00","2015-06-01","2015-06-01","",
"279042","Kameni, Eric","143124","unit no 63 Bryanston","AUC153","638.71","ZAR","1","Direct","0.00","3089676","eric@tholoanaconsulting.co.za","27827661366","Storage Genie","299 Main avenue","","Ferndale","Randburg","","2196","ZA","27117045071","","Inactive","2014-03-17","","Y","Y","0.00","2015-02-01","2015-02-01","",
"309900","Kamstra, Boris","171493","Unit no 47 Bryanston","AUC215","293.33","ZAR","1","Direct","0.00","3514518","bkamstra@pangeagroup.co.za","27836806809","Storage Genie","62 21st Street","","","Parkhurst","","2193","ZA","27114384100","","Inactive","2014-09-23","","Y","Y","0.00","2015-04-01","2014-12-29","",
"419321","Katrin Packham - Katja's Events & Floral Design","143119","Unit no 66 Bryanston","AUC315","1320.00","ZAR","1","DO","0.00","4756810","katrin@vodamail.co.za","27725505455","Storage Genie","84 Douglas Road","Northview","","Dougladale","","2191","ZA","27829223830","","Active","2016-01-14","","Y","Y","0.00","2016-01-14","","",
"377358","Kelly Group Ltd","137920","Unit no 102 Bryanston","AUC288","3960.00","ZAR","1","Direct","-3600.00","4713051","mandy@adcorp.co.za","27836769914","Storage Genie","6 Protea Place","Cnr Fredman Drive","","Sandton","","2195","ZA","27117228386","","Active","2015-12-01","","Y","Y","0.00","2015-12-01","2015-08-05","2016-01-18",
"306492","Kelsey West Mastering","137936","Unit no 110 Bryanston","AUC197","700.01","ZAR","1","Direct","0.00","3470970","rogan@kelseywestmastering.com","27731465238","Storage Genie","Unit 16","Country Life Park","","Bryanston","","2191","ZA","","","Inactive","2014-09-01","","Y","Y","0.00","2015-06-01","2015-05-27","",
"371480","Key Spirit Developments (Pty) Ltd","136754","Unit no 94 Bryanston","AUC282","1330.00","ZAR","1","Direct","1070.00","4713168","heunis@exdev.co.za","27726077266","Storage Genie","13 Wessel Road","","","Rivonia","","2074","ZA","27118847520","","Active","2015-07-09","","Y","Y","0.00","2016-01-01","2015-11-30","2015-09-08",
"260460","Keyte, Roger","147412","Unit no 51 Bryanston","AUC114","846.77","ZAR","1","Direct","0.00","2836389","roger@keyte.org","27824944124","Storage Genie","9 Chadbrook","38 Bevan Road","","Rivonia","","2128","ZA","27118072301","","Inactive","2013-11-22","","Y","Y","0.00","2014-03-01","2014-02-28","",
"263723","Khonje, Harriet","149339","Unit no 140 Bryanston","AUC125","880.70","ZAR","1","Direct","0.00","2883100","harriet@drkhonjepr.co.za","27828057180","Storage Genie","Unit 3 The Forum","69 Mount Street","","Bryanston","","2021","ZA","27117067284","","Inactive","2013-12-10","","Y","Y","0.00","2015-07-01","2015-06-01","2015-07-03",
"256078","Khumalo, Brian","136746","Unit no 93 Bryanston","AUC94","1330.00","ZAR","1","Direct","-7380.00","4713167","bkhuma@leadersunlimited.co.za","27825706314","Storage Genie","407 Don Suites","","","Illovo","Sandton","2196","ZA","27117221600","","Active","2013-10-28","","Y","Y","0.00","2016-01-01","2015-08-01","2016-01-18",
"347155","Klinkradt, Judy","139225","Unit no 7 Bryanston","AUC254","1330.00","ZAR","1","Direct","10.00","4754900","judy@actavis.co.za","27827713513","Storage Genie","3 Morris Street East","6 Chancery Lane","","Woodmead","","2192","ZA","27105910100","","Active","2015-05-01","2016-01-31","Y","Y","0.00","2016-01-13","2015-12-30","2015-11-09",
"289898","Kohler Africa (Pty) Ltd","170935","Unit no 16 Bryanston","AUC252","4000.00","ZAR","1","Direct","0.00","4713091","chantelle.brown@kohler.com","27606492470","Storage Genie","Block C Unit 2 1st Floor","Coachmans Crossing Office Park","4 Brian Street","Lyme Park","","2021","ZA","","","Active","2015-07-01","","Y","Y","0.00","2016-01-01","2016-01-06","2015-12-09",
"289898","Kohler Africa (Pty) Ltd","147412","Unit no 51 Bryanston","AUC172","4000.00","ZAR","1","Direct","0.00","4713124","chantelle.brown@kohler.com","27606492470","Storage Genie","Block C Unit 2 1st Floor","Coachmans Crossing Office Park","4 Brian Street","Lyme Park","","2021","ZA","","","Active","2014-09-01","","Y","Y","0.00","2015-12-01","2015-12-09","2015-12-09",
"256243","kruger, Riaan","145343","Unit no 40 Bryanston","AUC96","1050.05","ZAR","1","Direct","0.00","2786169","riaank@continentaloutdoor.com","27845210182","Storage Genie","12 Gunther Street","Birchleigh North","","Kempton Park","","1618","ZA","27115141400","","Inactive","2013-10-29","","Y","Y","0.00","2015-04-01","2015-04-02","",
"273716","Krzyzanowski, Mikolaj Michal","142754","Unit no 111 Braynston","AUC147","425.00","ZAR","1","Direct","0.00","3021223","ionceworked@gmail.com","27843889370","Storage Genie","38 Aloe Street","","Wendywood","Johannesburg","","2196","ZA","","","Inactive","2014-02-17","","Y","Y","0.00","2015-06-01","2015-03-10","",
"349394","Latchmiah, Claudette","134712","Unit no 118 Bryanston","AUC258","2640.00","ZAR","1","Direct","0.00","4713067","claudie@live.co.za","27745881444","Storage Genie","17 Acorn Ridge","Nerina Street","Ferndale","Randburg","","2194","ZA","","","Active","2015-07-01","","Y","Y","0.00","2016-01-01","2015-09-30","2016-01-14",
"296042","Lembede, Zodwa","149851","Unit no 12 Bryanston","AUC180","1330.00","ZAR","1","DO","0.00","4713069","zodwa.lembede@mtn.co.za","27832126100","Storage Genie","10 Bryanston Hills","John Street","","Bryanston","","2195","ZA","27119124474","27119124242","Active","2014-08-01","","N","N","0.00","2016-01-01","2016-01-01","",
"330180","Lentin, Gillian","134706","Unit no 1 Bryanston","AUC241","1210.00","ZAR","1","DO","0.00","4713047","gillianl@icon.co.za","27824584542","Storage Genie","7 Country Life Park","59 Witney Street","","Johannesburg","","2196","ZA","27825842348","27114635134","Active","2015-01-07","","Y","Y","0.00","2016-01-01","2016-01-01","",
"392461","Lewis, Brendon","134722","Unit no 58 Bryanston","AUC295","800.01","ZAR","1","Direct","0.00","4469696","lewis.brendon@gmail.com","27741452145","Storage Genie","50 Shepherd Avenue","Riverclub","","Johannesburg","","2021","ZA","27117066885","","Inactive","2015-10-06","","Y","Y","0.00","2015-11-01","2015-10-01","2015-11-18",
"257697","m,mfg","139005","Refund","AUC101","1050.00","ZAR","1","Direct","0.00","2803717","fgasdk@sdjkf.co.za","","Storage Genie","","","","","","","ZA","","","Inactive","2013-11-05","","N","N","0.00","","","",
"316012","Mac Ewan, Kate","174018","Unit no 132 Bryanston","AUC226","1330.00","ZAR","1","DO","0.00","4713081","kate@iws-sa.co.za","27791751758","Storage Genie","2 Balmoral Avenue","Hurlingham","","Johannesburg","","2196","ZA","27117838597","27865992322","Active","2014-12-01","","Y","Y","0.00","2016-01-01","2016-01-01","2015-05-22",
"256383","Maclennan, Nadine","142144","Unit no 78 Bryanston","AUC99","1050.05","ZAR","1","Direct","0.00","2788238","nadinem@vodacom.co.za","27829982554","Storage Genie","7 Murati Place","","","Sandton ","","2196 ","ZA","","","Inactive","2013-10-29","","Y","Y","0.00","2015-02-02","2015-02-02","",
"256383","Maclennan, Nadine","142147","Unit no 80 Bryanston","AUC100","304.86","ZAR","1","Direct","0.00","2788273","nadinem@vodacom.co.za","27829982554","Storage Genie","7 Murati Place","","","Sandton ","","2196 ","ZA","","","Inactive","2013-10-29","","Y","Y","0.00","2015-02-02","2015-02-02","",
"307999","Madhouse Graphics (Pty) Ltd","170708","Unit no 20 Bryanston","AUC204","1230.00","ZAR","1","Direct","-1230.00","4713096","madhouse.studio@telkomsa.net","27834490368","Storage Genie","1 Conventry Road","","","Bryanston","","2091","ZA","27114633755","","Active","2014-12-01","","Y","Y","0.00","2016-01-01","2015-11-30","2016-01-18",
"307999","Madhouse Graphics (Pty) Ltd","170709","Unit no 21 Bryanston","AUC205","1230.00","ZAR","1","Direct","-1230.00","4713097","madhouse.studio@telkomsa.net","27834490368","Storage Genie","1 Conventry Road","","","Bryanston","","2091","ZA","27114633755","","Active","2014-12-01","","Y","Y","0.00","2016-01-01","2015-11-30","2016-01-18",
"307999","Madhouse Graphics (Pty) Ltd","170710","Unit no 22 Bryanston","AUC206","1230.00","ZAR","1","Direct","-1230.00","4713098","madhouse.studio@telkomsa.net","27834490368","Storage Genie","1 Conventry Road","","","Bryanston","","2091","ZA","27114633755","","Active","2014-12-01","","Y","Y","0.00","2016-01-01","2015-11-30","2016-01-18",
"307999","Madhouse Graphics (Pty) Ltd","170711","Unit no 23 Bryanston","AUC207","1230.00","ZAR","1","Direct","-1230.00","4713099","madhouse.studio@telkomsa.net","27834490368","Storage Genie","1 Conventry Road","","","Bryanston","","2091","ZA","27114633755","","Active","2014-12-01","","Y","Y","0.00","2016-01-01","2015-11-30","2016-01-18",
"349352","Magura, James","137920","Unit no 102 Bryanston","AUC256","1200.01","ZAR","1","Direct","0.00","3989123","james_magura@yahoo.co.uk","27728982418","Storage Genie","Coachmans Crossing Centre","Cnr Peter Place and Karen Road","","Sandton","","2191","ZA","27114639450","","Inactive","2015-04-01","","Y","Y","0.00","2015-07-01","2015-06-01","2015-07-15",
"242355","Mahendranath, Damie","137917","Unit no 101 Bryanston","AUC26","270.98","ZAR","1","Direct","0.00","2596136","damie@rbsol.co.za","27826555915","Storage Genie","9 St Helena Road","","","Northcliff","Sandton","2195","ZA","27117818996","","Inactive","2013-07-26","","Y","Y","0.00","2014-03-01","2014-03-01","",
"242355","Mahendranath, Damie","137920","Unit no 102 Bryanston","AUC27","270.98","ZAR","1","Direct","0.12","2596180","damie@rbsol.co.za","27826555915","Storage Genie","9 St Helena Road","","","Northcliff","Sandton","2195","ZA","27117818996","","Inactive","2013-07-26","","Y","Y","0.00","2014-03-01","2014-03-01","",
"242355","Mahendranath, Damie","139252","Unit no 105 Bryanston","AUC50","304.84","ZAR","1","Direct","0.02","2664328","damie@rbsol.co.za","27826555915","Storage Genie","9 St Helena Road","","","Northcliff","Sandton","2195","ZA","27117818996","","Inactive","2013-08-29","","Y","Y","0.00","2014-03-01","2014-03-01","",
"271200","Makwetu, Miranda","137618","Unit no 74 Bryanston","AUC190","850.00","ZAR","1","DO","99.99","4713146","makwetu@mweb.co.za","27826774804","Storage Genie","8 Boschendal Street","Hurlingham Manor","","Sandton","","2196","ZA","27118863322","","Active","2014-10-01","","Y","Y","0.00","2016-01-01","2016-01-01","",
"271200","Makwetu, Miranda","141786","Unit no 37 Bryanston","AUC146","1100.00","ZAR","1","Direct","0.00","2991390","makwetu@mweb.co.za","27826774804","Storage Genie","8 Boschendal Street","Hurlingham Manor","","Sandton","","2196","ZA","27118863322","","Inactive","2014-02-01","","Y","Y","0.00","2014-08-01","2014-08-01","",
"330313","Malaka, Mpho","141762","Unit no 41 Bryanston","AUC243","619.36","ZAR","1","Direct","0.00","3771935","mphomalaka@gmail.com","27796542332","Storage Genie","23 Nina Michelle ","264 Surrey Avenue","Ferndale","Randburg","","2194","ZA","","","Inactive","2015-01-08","","Y","Y","0.00","2015-04-01","2015-04-01","",
"282544","Malan, Alditha Ann","134698","Unit no 82 Bryanston","AUC160","1400.00","ZAR","1","Direct","0.00","4713157","info@chasingfireflies.co.za","","Storage Genie","6 milner Road","Kensington B","","Randburg","","2194","ZA","27117879992","","Active","2014-05-01","","Y","Y","0.00","2016-01-01","2016-01-14","2016-01-14",
"301082","Martin Vermaak Attorneys","141786","Unit no 37 Bryanston","AUC191","1330.00","ZAR","1","DO","0.00","4713110","accounts@martinvermaak.com","27843158300","Storage Genie","14 Bally Clare Drive","","","Sandton","","2146","ZA","27118754311","27117061599","Active","2014-08-25","","N","N","0.00","2016-01-01","2016-01-01","",
"244891","Martin, Anthony David","140684","Unit no 83 Bryanston","AUC49","1330.00","ZAR","1","DO","0.00","4713158","adm.bones@gmail.com","27823282926","Storage Genie","9 Dalton Road","","","sandton","","2144","ZA","27118002525","","Active","2013-10-01","","Y","Y","0.00","2016-01-01","2016-01-01","",
"244891","Martin, Anthony David","139252","Unit no 105 Bryanston","AUC44","1050.05","ZAR","1","Direct","0.00","2630112","adm.bones@gmail.com","27823282926","Storage Genie","9 Dalton Road","","","sandton","","2144","ZA","27118002525","","Inactive","2013-08-14","","Y","Y","0.00","2013-08-14","2013-08-05","",
"364618","Mathivha, Phathutshedzo","134718","Unit no 57 Bryanston","AUC273","825.00","ZAR","1","DO","51.63","4713130","pmathivha@yahoo.com","27835799580","Storage Genie","8 Castle Hill Estate","Castle Hill Drive","","Blackheath","","2195","ZA","","","Active","2015-07-01","","Y","Y","0.00","2016-01-01","2016-01-01","",
"381802","Mathulwe, Excellent","142027","Unit no 55 Bryanston","AUC289","2970.00","ZAR","1","Direct","-2500.03","4713128","brilliantlyk@gmail.com","27785219221","Storage Genie","1109 The Link","11th Avenue","","Rivonia ","","2191","ZA","27118045533","","Active","2015-09-01","","Y","Y","0.00","2015-12-01","2015-08-26","2016-01-18",
"419339","Mccrow, TR","142043","Unit no 85 Bryanston","AUC316","15681.60","ZAR","1","Direct","14255.93","4756974","trmccrow@gmail.com","27832124648","Storage Genie","20 Honeyguide Road","Douglasdale","","Sandton","","2191","ZA","27832883319","","Inactive","2017-02-01","","Y","Y","0.00","2017-01-01","","",
"258812","Metherell, Travers","146543","Unit no 19 Bryanston","AUC108","125.81","ZAR","1","Direct","0.18","2816039","tm@saxonmarkets.co.za","2772206361","Storage Genie","63 Alexandra Avenue","","","Johannesburg ","","2196","ZA","270102016311","","Inactive","2013-11-12","","Y","Y","0.00","2014-11-01","2014-11-01","",
"244872","Mikes Kitchen (Pty) Ltd","147410","Unit no 13 Bryanston","AUC248","1330.00","ZAR","3","DO","0.00","4713079","cindy@mikeskitchen.co.za","2772625628","Storage Genie","298 Main Road","","","Jhb","Gauteng","2194","ZA","27114639269","","Active","2015-03-03","","Y","Y","0.00","2016-01-03","2016-01-03","2015-09-28",
"244872","Mikes Kitchen (Pty) Ltd","139243","Unit no 106 Bryanston","AUC40","67.75","ZAR","1","Direct","0.00","2629910","cindy@mikeskitchen.co.za","2772625628","Storage Genie","298 Main Road","","","Jhb","Gauteng","2194","ZA","27114639269","","Inactive","2013-08-14","","Y","Y","0.00","2015-09-01","2015-09-29","2015-09-28",
"244872","Mikes Kitchen (Pty) Ltd","139244","Unit no 107 Bryanson","AUC41","67.75","ZAR","1","Direct","0.00","2629926","cindy@mikeskitchen.co.za","2772625628","Storage Genie","298 Main Road","","","Jhb","Gauteng","2194","ZA","27114639269","","Inactive","2013-08-14","","Y","Y","0.00","2015-09-01","2015-09-29","2015-09-28",
"372734","Miller, David Garth","149339","Unit no 140 Bryanston","AUC284","1330.00","ZAR","1","DO","0.00","4713089","davem@dakotadesign.co.za","27824991115","Storage Genie","56 Balcairn","Cnr Main and Norman","","Bryanston","","2191","ZA","27118030000","","Active","2015-07-16","","Y","Y","0.00","2016-01-01","2016-01-01","",
"372734","Miller, David Garth","190172","Unit no 32 Bryanston","AUC285","1330.00","ZAR","1","DO","0.00","4713105","davem@dakotadesign.co.za","27824991115","Storage Genie","56 Balcairn","Cnr Main and Norman","","Bryanston","","2191","ZA","27118030000","","Active","2015-07-20","","Y","Y","0.00","2016-01-01","2016-01-01","",
"399465","Moloi, Mmadika","149598","Unit no 49 Bryanston","AUC302","1799.99","ZAR","1","Direct","0.01","4543408","mmadika@webmail.co.za","27796789258","Storage Genie","198 Lavender Lane","Estelle Road","","Paulshof","","2146","ZA","27112435027","","Inactive","2015-11-01","","Y","Y","0.00","2015-11-01","2015-10-30","",
"370689","Monarch (Pty) Ltd","135533","Unit no 62 Bryanston","AUC281","1330.00","ZAR","1","DO","0.00","4713136","monarchpty@gmail.com","27829294719","Storage Genie","117 The William","Broadacres Drive","","Fourways","","2191","ZA","27114630064","","Active","2015-08-01","","Y","Y","0.00","2016-01-01","2016-01-01","",
"236847","Morule, Thenjiwe","134706","Unit no 1 Bryanston","AUC4","1500.00","ZAR","1","Direct","0.00","2529291","thenjiwemorule@gmail.com","27716860338","Storage Genie","10997 Mathewson Street","","","Johannesburg","","1506","ZA","27112871079","","Inactive","2013-06-25","","Y","Y","0.00","2015-01-01","2015-01-01","",
"246625","Moskovitz, Shari","140285","Unit no 137 Bryanston","AUC45","720.63","ZAR","1","Direct","0.00","2656213","sharim@hcapital.co.za","27722005939","Storage Genie","24 Peter Place","","","","Johannesburg","2026","ZA","27114630313","","Inactive","2013-08-27","","Y","Y","0.00","2014-03-01","2014-03-01","",
"246631","Mphala, Sipho","140309","Unit no 116 Bryanston","AUC46","650.01","ZAR","1","Direct","0.00","2657244","sphraymond@yahoo.co.uk","27726932045","Storage Genie","No. 2 Breakfree Estate","","","Summerset Ext 18","Midrand","1685","ZA","27114433062","","Inactive","2013-08-27","","Y","Y","0.00","2015-06-01","2014-02-06","2015-11-03",
"318180","Mudd, Shaun","141770","Unit no 87 Bryanston","AUC231","1330.00","ZAR","1","DO","0.00","4713161","shaun.mudd@gmail.com","27731620217","Storage Genie","31 Westminster Drive","Craighall Park","","Johannesburg","","2196","ZA","27215258600","","Active","2014-12-01","","Y","Y","0.00","2016-01-01","2016-01-01","",
"263397","Muller, Nola","146518","Unit no 90 Bryanston","AUC122","1330.00","ZAR","1","DO","0.00","4713165","nolamuller@gmail.com","27822552288","Storage Genie","29 Glen Carlou","Bradford Street","","Highveld","","0169","ZA","","","Active","2014-01-01","","N","N","0.00","2016-01-01","2016-01-01","",
"241424","Nayler, Michael John","137609","Unit no 9 Bryanston","AUC20","1330.00","ZAR","1","DO","135.48","4713164","anmic@netactive.co.za","27834475323","Storage Genie","4 Strawberry Fields","26C Norman Ave","Mill Hill","Johannesburg ","","2060","ZA","27117176689","","Active","2013-09-01","","Y","Y","0.00","2016-01-01","2016-01-01","",
"318173","Nel, Tamara","140311","Unit no 104 Bryanston","AUC230","1330.00","ZAR","1","Direct","0.00","4763115","tamaramnel@gmail.com","27763075535","Storage Genie","13 Riverlair Complex","Hornbill Road","","Douglasdale","","2191","ZA","27114637844","","Active","2014-12-01","2016-01-31","Y","Y","0.00","2016-01-01","2016-01-01","",
"244764","Neser, Frank","139184","Unit no 75 Bryanston","AUC34","1050.05","ZAR","1","Direct","0.00","2628708","frank.neser@hotmail.com","27767260492","Storage Genie","36 Norman Avenue","","","Sandton","","2060","ZA","27110213850","","Inactive","2013-08-14","","Y","Y","0.00","2015-11-30","2015-12-04","2015-12-04",
"278448","Nestmann, Thomas","146249","Unit no 42 Bryanston","AUC151","4000.00","ZAR","1","Direct","2.00","4713115","TNestmann@vizrt.com","27827752181","Storage Genie","81 The Colonnades","Saffier Street","Jukskei Park","","","2173","ZA","27112349976","","Active","2014-07-01","","Y","Y","0.00","2016-01-01","2015-09-29","2016-01-14",
"371958","Newham, Suria","137936","Unit no 110 Bryanston","AUC283","825.00","ZAR","1","Direct","0.00","4713059","suriac7@gmail.com","27833992346","Storage Genie","8 Victoria Street","Kesington B","","Randburg","","2194","ZA","27833771620","","Active","2015-09-01","","Y","Y","0.00","2016-01-01","2015-12-30","2015-11-02",
"321356","Nitrogen Advertising Design","136631","Unit no 8 Bryanston","AUC235","13070.00","ZAR","1","Direct","0.00","4713152","craig@nitrogen.co.za","27834546876","Storage Genie","29 Cottesmore Road","","","Bryanston","","2021","ZA","27114639735","27117065599","Active","2015-12-01","2016-11-30","Y","Y","0.00","2015-12-01","2015-12-08","2015-12-04",
"253588","Norconsult Africa","143809","Unit no. 4 Bryanston","AUC89","210.01","ZAR","1","Direct","0.00","2753538","cm@norconsultafrica.com","27718818810","Storage Genie","377 Rivonia Boulevard","","","sandton","","2128","ZA","27112750502","","Inactive","2013-10-14","","Y","Y","0.00","2015-05-01","2015-04-01","2015-05-22",
"264657","NovaMeric (Pty) Ltd","149845","Unit no 44 Bryanston","AUC133","677.46","ZAR","1","Direct","0.00","2898546","gmynhardt@novameric.com","27797643543","Storage Genie","Ground Floor, Block 1","Knights Bridge Manor","Sloane Street","Bryanston","","2021","ZA","27117065548","","Inactive","2013-12-17","","Y","Y","0.00","2014-08-01","2014-07-10","",
"295052","Nutricia Southern Africa (Pty) Ltd","143121","Unit no 65 Bryanston","AUC177","4000.00","ZAR","1","Direct","0.00","4713138","sweetness.xuba@nutricia.com","27726370698","Storage Genie","Bryanston Place","Danone Building","199 Bryanston Drive","Bryanston","","2191","ZA","27873502329","27866859234","Active","2014-10-01","","Y","Y","0.00","2016-01-01","2016-01-09","2015-10-07",
"236864","O'Flaherty, Debbie","134718","Unit no 57 Bryanston","AUC7","650.01","ZAR","1","Direct","0.00","2529476","debbie@lets-celebrate.co.za","27832641137","Storage Genie","14 Prunus Avenue","","","Johannesburg","","2196","ZA","","","Inactive","2013-06-25","","Y","Y","0.00","2015-03-01","2015-03-09","",
"412081","Olives & Plates Multichoice","171493","Unit no 47 Bryanston","AUC312","1320.00","ZAR","1","Direct","0.00","4713119","apo@olivesandplates.co.za","27824648044","Storage Genie","144 Braam Fisher Drive","","","Randburg","","2158","ZA","27117172585","","Active","2016-01-01","","Y","Y","0.00","2016-01-01","2016-01-14","2016-01-14",
"412081","Olives & Plates Multichoice","139184","Unit no 75 Bryanston","AUC313","1320.00","ZAR","1","Direct","0.00","4713147","apo@olivesandplates.co.za","27824648044","Storage Genie","144 Braam Fisher Drive","","","Randburg","","2158","ZA","27117172585","","Active","2016-01-01","","Y","Y","0.00","2016-01-01","2016-01-14","2016-01-14",
"358531","Pache, Philippe","139226","Unit no 6 Bryanston","AUC265","1330.00","ZAR","1","DO","0.00","4713133","philippe@straighttwisted.co.za","27822261101","Storage Genie","51 Shandon Lane","","","Johannesburg","","2062","ZA","","","Active","2015-06-01","","Y","Y","0.00","2016-01-01","2016-01-01","",
"350809","Pallamar, Manuella","139181","unit no 39 Bryanston","AUC261","990.00","ZAR","1","Direct","0.00","4713175","mpallamar@mweb.co.za","27829022058","Storage Genie","152 Chapel Avenue","","Bryanston","Randburg","","2060","ZA","","","Active","2015-05-01","","Y","Y","0.00","2016-01-01","2016-01-03","",
"320761","Parmanand, Virinda","140285","Unit no 137 Bryanston","AUC234","1330.00","ZAR","1","DO","0.00","4713085","virenvp@gmail.com","27714801072","Storage Genie","112 Second Street","","","Parkmore","","2196","ZA","","","Active","2014-12-01","","Y","Y","0.00","2016-01-01","2016-01-01","",
"362467","Pasqualle, Emile","134708","Unit no 56 Bryanston","AUC271","120.97","ZAR","1","Direct","0.00","4123410","epasqualle@hotmail.com","27833087188","Storage Genie","55 Millwood Lifestyle Estate","Petunia Street","","Johannesburg","","2191","ZA","27114630073","","Inactive","2015-05-27","","Y","Y","0.00","2015-10-01","2015-09-12","2015-09-11",
"362467","Pasqualle, Emile","170145","Unit no 17 Bryanston","AUC272","1200.01","ZAR","1","Direct","0.00","4149866","epasqualle@hotmail.com","27833087188","Storage Genie","55 Millwood Lifestyle Estate","Petunia Street","","Johannesburg","","2191","ZA","27114630073","","Inactive","2015-06-04","","Y","Y","0.00","2015-10-01","2015-09-12","2015-09-11",
"330325","Penberthy, Claire","143122","Unit no 64 Bryanston","AUC245","967.75","ZAR","1","Direct","0.00","3772023","clairep@blts.co.za","27612583479","Storage Genie","57 Stellenberg Estate","Troupand Avenue","","Magaliessig","","2067","ZA","27115233105","","Inactive","2015-01-08","","Y","Y","0.00","2015-04-01","2015-04-01","",
"250195","Peter Transport 2","142140","Unit no 135 Bryanston","AUC65","950.00","ZAR","1","Direct","0.00","2704653","p.remove@mweb.co.za","27722807878","Storage Genie","59 Alexander Street","","Turfontein","Johannesburg","Gauteng","2135","ZA","27116832227","","Inactive","2013-09-20","","Y","Y","0.00","2014-03-01","2014-01-24","2015-05-11",
"250195","Peter Transport 2","144181","Unit no 54 Bryanston","AUC109","625.01","ZAR","1","Direct","0.00","2822791","p.remove@mweb.co.za","27722807878","Storage Genie","59 Alexander Street","","Turfontein","Johannesburg","Gauteng","2135","ZA","27116832227","","Inactive","2013-11-15","","Y","Y","0.00","2013-12-01","2013-11-12","2015-05-11",
"304955","Phipson, Ross","143119","Unit no 66 Bryanston","AUC194","319.36","ZAR","1","Direct","0.00","3445535","ross@herdboys.co.za","27829274911","Storage Genie","4 Villa Vitelli","Mopani Close","Beverly","Randburg","","2191","ZA","","","Inactive","2014-08-25","","Y","Y","0.00","2015-12-01","2015-12-08","2015-12-08",
"313804","Post, Dean","148310","Unit no 30 Bryanston","AUC221","3630.00","ZAR","1","Direct","330.00","4713103","drp@murship.com","27828820024","Storage Genie","MUR Shipping  c/o Dean Post","187 Rivonia Road","Morningside"," Sandton","","2196","ZA","","","Inactive","2016-03-01","","Y","N","0.00","2015-12-01","2015-11-25","",
"361116","Potgieter, Lorna","192887","Unit no 138 Bryanston","AUC267","4000.00","ZAR","1","Direct","0.00","4713086","lornapo@netactive.co.za","27833004444","Storage Genie","12A The Links","Kingswood Crescent","","Riverclub","","2021","ZA","27117849439","27866117210","Active","2015-08-01","","Y","Y","0.00","2015-11-01","2015-11-03","2015-11-02",
"361116","Potgieter, Lorna","142144","Unit no 78 Bryanston","AUC291","4290.00","ZAR","1","Direct","0.00","4713151","lornapo@netactive.co.za","27833004444","Storage Genie","12A The Links","Kingswood Crescent","","Riverclub","","2021","ZA","27117849439","27866117210","Active","2016-01-01","","Y","Y","0.00","2016-01-01","2015-09-01","2015-11-02",
"325092","Prinsloo, Johannes Arnoldus","146988","Unit no 129 Bryanston","AUC238","1330.00","ZAR","1","Direct","0.00","4713078","japoti@mweb.co.za","27825520015","Storage Genie","29 Twelfth Street","","Parkmore","Sandton","","2196","ZA","27115354701","","Active","2015-04-01","","Y","Y","0.00","2016-01-01","2015-11-30","2015-06-02",
"376996","Raftopovlos, Eugene","137606","Unit no 115 Bryanston","AUC287","880.00","ZAR","1","Direct","0.00","4763062","eugener@gross.co.za","27720748297","Storage Genie","23 Avignon","31 Herbert Road","Petervale","Bryanston","","2021","ZA","","","Active","2015-10-01","2016-01-31","Y","Y","0.00","2016-01-13","2016-01-14","2016-01-14",
"348716","Ramalebana, Tumelo","149421","Unit no 36 Bryanston","AUC255","15680.00","ZAR","1","Direct","2159.99","4713107","Tramalebana@gmail.com","27836293122","Storage Genie","16 Highbury","15 Anslow Lane","","Bryanston","","2191","ZA","27119967000","","Active","2015-04-01","2016-03-31","Y","Y","0.00","2016-03-01","2015-03-26","",
"362457","Raymond, Keith","145343","Unit no 40 Bryanston","AUC270","1330.00","ZAR","1","DO","0.00","4713113","indlu@global.co.za","","Storage Genie","9 Westminister Avenue","","","Sandton","","2021","ZA","27117062539","","Active","2015-06-01","","Y","N","0.00","2016-01-01","2016-01-01","",
"362457","Raymond, Keith","142143","Unit no. 79 Bryanston","AUC292","1330.00","ZAR","1","DO","0.00","4713150","indlu@global.co.za","","Storage Genie","9 Westminister Avenue","","","Sandton","","2021","ZA","27117062539","","Active","2015-10-01","","Y","N","0.00","2016-01-01","2016-01-01","",
"362457","Raymond, Keith","148419","Unit no 34 Bryanston","AUC269","1200.01","ZAR","1","Direct","0.00","4123230","indlu@global.co.za","","Storage Genie","9 Westminister Avenue","","","Sandton","","2021","ZA","27117062539","","Inactive","2015-05-27","","Y","N","0.00","2015-09-01","2015-09-01","",
"341536","Red Bull South Africa (Pty) Ltd","166373","Unit no 124 Bryanston","AUC249","3960.00","ZAR","1","Direct","0.00","4713073","amy.scott@za.redbull.com","27716765522","Storage Genie","Red Bull South Africa (Pty) Ltd","PO Box 50303","V&A Waterfront","Cape Town","","8002","ZA","27214312100","","Active","2015-11-01","","Y","Y","0.00","2015-11-01","2015-10-30","",
"364955","Reddy, Dr Marlini","171262","Unit no 27 Bryanston","AUC279","1330.00","ZAR","1","DO","0.00","4713100","kristakriek@yahoo.com","27837254528","Storage Genie","46A Wilton Avenue","","","Bryanston","","2125","ZA","27711963335","","Active","2015-08-01","","Y","Y","0.00","2016-01-01","2016-01-01","",
"364955","Reddy, Dr Marlini","149841","Unit no 59 Bryanston","AUC275","1330.00","ZAR","1","DO","2.00","4713132","kristakriek@yahoo.com","27837254528","Storage Genie","46A Wilton Avenue","","","Bryanston","","2125","ZA","27711963335","","Active","2015-07-01","","Y","Y","0.00","2016-01-01","2016-01-01","",
"410083","Relief  Technologies","136538","Unit no 100 Bryanston","AUC311","1320.00","ZAR","1","Direct","-1320.00","4713049","RTcommunicator@gmail.com","27824563047","Storage Genie","3 14th Street","","Parkmore","Sandton","","2196","ZA","27117822170","","Active","2016-01-01","","Y","Y","0.00","2016-01-01","2015-12-02","2016-01-18",
"330184","Rhodes Food Group (Pty) Ltd","142762","Unit no 139 Bryanston","AUC242","1200.00","ZAR","1","Direct","0.00","3771895","andraga@rhodesfoodgroup.com","","Storage Genie","Pniel Road","Groot Drakenstein","","Paarl","","7680","ZA","27218704000","","Inactive","2015-02-01","","Y","N","0.00","2015-09-01","2015-08-31","2015-09-08",
"251266","Sevel, Dan","134696","Unit no 130 Bryanston","AUC72","650.01","ZAR","1","Direct","0.00","2722695","dansevel@gmail.com","27827449181","Storage Genie","Unit 3, Lower East Side","75 Cowley Road","Petervale","","","2191","ZA","27115792900","","Inactive","2013-09-27","","Y","Y","0.00","2014-04-01","2014-03-31","",
"364785","Sewpursad, Vishal","142754","Unit no 111 Braynston","AUC274","825.00","ZAR","1","DO","0.01","4713060","vishal.sewpursad@is.co.za","27769978033","Storage Genie","48 Shicara","Dover Road","","Bryanston","","2021","ZA","27115750467","","Active","2015-07-01","","Y","Y","0.00","2016-01-01","2016-01-01","",
"240264","Shell South Africa Marketing (Pty) Ltd","136745","Unit no 92 Bryanston","AUC13","812.95","ZAR","1","Direct","0.00","2571559","bradley.ryder@shell.com","27115407100","Storage Genie","57 Sloane Street","Ballywoods Office Park","Ballywoods Office Park","Bryanston","Gauteng","2021","ZA","27119967000","","Inactive","2013-07-16","","Y","N","0.00","2013-07-16","2013-08-02","",
"240264","Shell South Africa Marketing (Pty) Ltd","136746","Unit no 93 Bryanston","AUC14","812.95","ZAR","1","Direct","0.00","2571593","bradley.ryder@shell.com","27115407100","Storage Genie","57 Sloane Street","Ballywoods Office Park","Ballywoods Office Park","Bryanston","Gauteng","2021","ZA","27119967000","","Inactive","2013-07-16","","Y","N","0.00","2013-07-16","2013-08-02","",
"240264","Shell South Africa Marketing (Pty) Ltd","136754","Unit no 94 Bryanston","AUC15","812.95","ZAR","1","Direct","0.00","2571650","bradley.ryder@shell.com","27115407100","Storage Genie","57 Sloane Street","Ballywoods Office Park","Ballywoods Office Park","Bryanston","Gauteng","2021","ZA","27119967000","","Inactive","2013-07-16","","Y","N","0.00","2013-07-16","2013-08-02","",
"240264","Shell South Africa Marketing (Pty) Ltd","136761","Unit no 95 Bryanston","AUC16","812.95","ZAR","1","Direct","0.00","2571809","bradley.ryder@shell.com","27115407100","Storage Genie","57 Sloane Street","Ballywoods Office Park","Ballywoods Office Park","Bryanston","Gauteng","2021","ZA","27119967000","","Inactive","2013-07-16","","Y","N","0.00","2013-08-08","2013-08-02","",
"308356","Sherman, Gerald","170145","Unit no 17 Bryanston","AUC309","1210.00","ZAR","1","DO","0.00","4713092","gbsherman@gmail.com","27785692327","Storage Genie","387 Summit Road","","","Morningside","","2196","ZA","27114082031","","Active","2016-01-01","","Y","Y","0.00","2016-01-01","2016-01-01","",
"308356","Sherman, Gerald","136786","Unit no 3 Bryanston","AUC304","1330.00","ZAR","1","DO","0.00","4713102","gbsherman@gmail.com","27785692327","Storage Genie","387 Summit Road","","","Morningside","","2196","ZA","27114082031","","Active","2015-12-01","","Y","Y","0.00","2016-01-01","2016-01-01","",
"308356","Sherman, Gerald","170857","Unit no 26 Bryanston","AUC209","586.67","ZAR","1","Direct","0.00","3493529","gbsherman@gmail.com","27785692327","Storage Genie","387 Summit Road","","","Morningside","","2196","ZA","27114082031","","Inactive","2014-09-15","","Y","Y","0.00","2015-06-01","2015-06-01","",
"308356","Sherman, Gerald","170858","Unit no 28 Bryanston","AUC210","586.67","ZAR","1","Direct","0.00","3493537","gbsherman@gmail.com","27785692327","Storage Genie","387 Summit Road","","","Morningside","","2196","ZA","27114082031","","Inactive","2014-09-15","","Y","Y","0.00","2015-12-01","2015-12-01","",
"308356","Sherman, Gerald","143809","Unit no. 4 Bryanston","AUC277","1210.00","ZAR","1","DO","0.00","4176913","gbsherman@gmail.com","27785692327","Storage Genie","387 Summit Road","","","Morningside","","2196","ZA","27114082031","","Inactive","2015-07-01","","Y","Y","0.00","2015-11-01","2015-11-01","",
"312254","Sibanda, Babusi","172361","Unit no 15 Bryanston","AUC218","1330.00","ZAR","1","Direct","-120.00","4713090","kwizeen@gmail.com","27721969188","Storage Genie","52 Gardenview Heights","12 Sirdar Street","Kengsinton B","Randburg","","2194","ZA","","","Active","2014-11-01","","Y","Y","0.00","2016-01-01","2015-12-08","2016-01-18",
"419055","Simon, David B","149597","Unit no 46 Bryanston","AUC314","1330.00","ZAR","1","DO","0.00","4754567","pbs1313@gmail.com","27726261919","Storage Genie","129 Via Firenza Complex","","","Sunninghill","","","ZA","27118078142","","Inactive","2016-02-01","","Y","Y","0.00","","","",
"317196","Singh, Leshya","147410","Unit no 13 Bryanston","AUC228","1649.99","ZAR","1","Direct","0.00","3614374","leshyasingh@gmail.com","27798450449","Storage Genie","403 Main Avenue","","","Randburg","","4000","ZA","27112082743","","Inactive","2014-11-01","","Y","Y","0.00","2015-02-01","2015-01-13","",
"404455","Singh, Vimal","134722","Unit no 58 Bryanston","AUC308","800.00","ZAR","1","Direct","7.72","4713131","singh.vimal@gmail.com","27824986010","Storage Genie","51 Homestead Avenue","","","Bryanston","","2506","ZA","27728088940","","Active","2016-01-01","","Y","Y","0.00","2016-01-01","2015-11-20","",
"404455","Singh, Vimal","149598","Unit no 49 Bryanston","AUC307","14256.00","ZAR","1","Direct","10799.90","4713121","singh.vimal@gmail.com","27824986010","Storage Genie","51 Homestead Avenue","","","Bryanston","","2506","ZA","27728088940","","Inactive","2016-12-01","","Y","Y","0.00","2016-11-01","2015-11-17","",
"242814","Siwale, Sulanji","138169","Unit no 98 Bryanston","AUC31","1400.00","ZAR","1","DO","0.00","4713172","ssiwele@gmail.com","27810398148","Storage Genie","Unit 3 ","22 Edward Rubenstein Drive","Sandown","Sandton","Gauteng ","2146","ZA","0766806023","","Active","2013-09-01","","Y","N","0.00","2016-01-01","2016-01-01","",
"236877","Smit, Rian","134724","Unit no 72 Bryanston","AUC9","850.00","ZAR","1","DO","0.00","4713144","rian.smit@momentum.co.za","27836782040","Storage Genie","no 66 77 Grayston","","","Craighall, Sandptn","","2196","ZA","27115051325","","Active","2013-06-25","","Y","Y","0.00","2016-01-01","2016-01-01","",
"298465","Smith, Annette","166373","Unit no 124 Bryanston","AUC185","496.78","ZAR","1","Direct","0.00","3358936","asmith@za.estee.com","27828786198","Storage Genie","15 Mount Stephens Crescent","Ext 4","","Lyme Park ","","2191","ZA","27115163058","","Inactive","2014-07-18","","Y","Y","0.00","2014-12-01","2014-12-01","",
"265029","Smythe, Anthony","143441","Unit no 10 Bryanston","AUC137","406.45","ZAR","1","Direct","0.00","2904695","ant@antsmythe.com","27712689850","Storage Genie","3 Vale Lane","Craighall Park","","Johannesburg ","Gauteng ","2196","ZA","","","Inactive","2013-12-19","","N","N","0.00","2014-03-01","2014-05-15","",
"315744","Spa Services CC","143809","Unit no. 4 Bryanston","AUC303","1330.00","ZAR","1","Direct","2670.00","4754760","info@spaservices.co.za","27741137616","Storage Genie","14 Payne Road","Bryanston","","Randburg","","2060","ZA","27110216455","27865586032","Active","2015-12-01","2016-03-31","N","N","0.00","2016-01-07","2016-01-01","",
"315744","Spa Services CC","136786","Unit no 3 Bryanston","AUC225","141.93","ZAR","1","Direct","0.00","3592677","info@spaservices.co.za","27741137616","Storage Genie","14 Payne Road","Bryanston","","Randburg","","2060","ZA","27110216455","27865586032","Inactive","2014-10-24","","N","N","0.00","2015-11-01","2015-11-01","",
"286772","Spitfire Furniture CC","146995","Unit no 53 Bryanston","AUC178","1330.00","ZAR","1","DO","0.00","4713126","nicole@spitfirefurniture.co.za","27836014414","Storage Genie","41 6th Street","Cnr 3rd Avenue","","Parkhurst","","2193","ZA","27114477699","","Active","2014-08-01","","Y","N","0.00","2016-01-01","2016-01-01","2015-09-11",
"286772","Spitfire Furniture CC","142143","Unit no. 79 Bryanston","AUC168","110.00","ZAR","1","Direct","0.00","3198710","nicole@spitfirefurniture.co.za","27836014414","Storage Genie","41 6th Street","Cnr 3rd Avenue","","Parkhurst","","2193","ZA","27114477699","","Inactive","2014-05-05","","Y","N","0.00","2015-09-01","2015-08-01","2015-09-11",
"259586","Steyn, Errol","146988","Unit no 129 Bryanston","AUC110","950.00","ZAR","1","Direct","0.00","2824099","erolsteyn@yahoo.com","27823375229","Storage Genie","17 Watsonia Crescent","Sandown Estate","Big Bay","","","7441","ZA","","","Inactive","2013-11-18","","Y","Y","0.00","2014-11-01","2014-10-01","",
"267468","Stray Dog Media (Pty) Ltd","134712","Unit no 118 Bryanston","AUC144","496.78","ZAR","1","Direct","0.00","2941675","rtoerien@mweb.co.za","27824641856","Storage Genie","552 Lima Road","","Sharonlea","Randburg","","2158","ZA","27116867718","","Inactive","2014-01-13","","Y","Y","0.00","2015-02-28","2014-07-28","",
"305502","Success Trading CC","142607","Unit no 123 Bryanston","AUC195","1000.00","ZAR","1","Direct","0.00","3454641","sucuph@iafrica.com","27842266994","Storage Genie","211 Market Street","","Jeppestown","Johannesburg","","2094","ZA","27116243291","","Inactive","2014-09-01","","Y","Y","0.00","2014-11-01","2014-08-27","",
"305502","Success Trading CC","143117","Unit no 67 Bryanston","AUC200","1000.01","ZAR","1","Direct","0.00","3476604","sucuph@iafrica.com","27842266994","Storage Genie","211 Market Street","","Jeppestown","Johannesburg","","2094","ZA","27116243291","","Inactive","2014-09-03","","Y","Y","0.00","2014-11-01","2014-08-29","",
"305502","Success Trading CC","143114","Unit no 69 Bryanston","AUC201","1000.01","ZAR","1","Direct","0.00","3476610","sucuph@iafrica.com","27842266994","Storage Genie","211 Market Street","","Jeppestown","Johannesburg","","2094","ZA","27116243291","","Inactive","2014-09-03","","Y","Y","0.00","2014-11-01","2014-12-01","",
"250011","Surf 4 Specials (Pyt) Ltd","142043","Unit no 85 Bryanston","AUC61","135.49","ZAR","1","Direct","0.01","2700928","accounts@surf4.co.za","27832605451","Storage Genie","Sandton View Shopping Centre","82 Homestead Avenue","","Bryanston","Gauteng","2194","ZA","27117895456","","Inactive","2013-09-18","","Y","Y","0.00","2016-01-01","2016-01-01","",
"382751","Tannett, Judy","139247","Unit no 109 Bryanston","AUC290","800.01","ZAR","1","Direct","2.71","4362758","judy.tannett@rmb.co.za","27836807171","Storage Genie","49 Rugginhill","Holkam Road","Ext 38","Paulshof","","2191","ZA","27112828113","","Inactive","2015-09-01","","Y","Y","0.00","2015-11-25","2015-10-25","",
"277625","Tavares, Rogerio","143112","Unit no 71 Bryanston","AUC150","4000.00","ZAR","1","Direct","0.00","4713143","rogertavares37@gmail.com","27729231909","Storage Genie","309 Block B","Sandhurst Towers","","Sandton","","2146","ZA","27113613011","","Active","2014-09-01","","Y","Y","0.00","2015-12-01","2015-11-26","",
"365603","TCS Hygiene","142607","Unit no 123 Bryanston","AUC276","1320.00","ZAR","1","Direct","5415.48","4754841","info@tcshygiene.co.za","27826030553","Storage Genie","16 3rd Street","","Wynberg","Sandton","","2092","ZA","27118879028","27118879090","Inactive","2016-02-01","","Y","Y","0.00","2016-01-13","2015-11-30","",
"264200","The Wendywood Trust","149596","Unit no 29 Bryanston","AUC127","280.02","ZAR","1","Direct","0.00","2892319","mason@mapdev.co.za","27828812071","Storage Genie","50 Adderley Street","Kensington B","","Bryanston West","","2194","ZA","27117873120","","Inactive","2013-12-12","","Y","Y","0.00","2015-10-01","2015-09-10","2015-09-08",
"264200","The Wendywood Trust","149597","Unit no 46 Bryanston","AUC128","280.02","ZAR","1","Direct","0.00","2892357","mason@mapdev.co.za","27828812071","Storage Genie","50 Adderley Street","Kensington B","","Bryanston West","","2194","ZA","27117873120","","Inactive","2013-12-12","","Y","Y","0.00","2015-10-01","2015-09-10","2015-09-08",
"264200","The Wendywood Trust","149598","Unit no 49 Bryanston","AUC129","280.02","ZAR","1","Direct","0.00","2892437","mason@mapdev.co.za","27828812071","Storage Genie","50 Adderley Street","Kensington B","","Bryanston West","","2194","ZA","27117873120","","Inactive","2013-12-12","","Y","Y","0.00","2015-10-01","2015-09-10","2015-09-08",
"277321","Thistlewood, Richard","137917","Unit no 101 Bryanston","AUC148","589.29","ZAR","1","Direct","0.00","3064982","richard.thistlewood@afg.mu","272305925545","Storage Genie","Suite 203 - 204","Grand Baie Biz Park","","Grand Baie","","1000","ZA","","","Inactive","2014-03-04","","Y","Y","0.00","2015-09-01","2015-09-04","2015-09-02",
"309314","Tourvest Travel Services (Pty) Ltd","171262","Unit no 27 Bryanston","AUC212","513.33","ZAR","1","Direct","0.00","3505845","shenaaz.bhayat@travel.co.za","27722062666","Storage Genie","12 Autumn Street","","","Rivonia","","2191","ZA","27117900000","27117900046","Inactive","2014-09-18","","Y","Y","0.00","2015-06-01","2015-03-13","",
"240321","Tresise, Debbie","136783","Unit no 18 Bryanston","AUC17","650.01","ZAR","1","Direct","0.00","2571956","debtresise@mweb.co.za","27832968488","Storage Genie","1 Kevin Close","","","Johannesburg","","2128","ZA","2711706865","","Inactive","2013-07-16","","Y","Y","0.00","2014-12-01","2014-11-01","",
"368007","Trio Interactive CC","140309","Unit no 116 Bryanston","AUC280","880.00","ZAR","1","DO","0.00","4713065","mich@trio.co.za","27825500414","Storage Genie","Unit 1,  148 on Grosvenor","148 Grosvenor Road","Bryanston","Sandton","","2191","ZA","27112856204","27866206899","Active","2015-08-01","","Y","Y","0.00","2016-01-01","2016-01-01","",
"265647","Troika Imagineering Works (Pty) Ltd","173879","Unit no 11 Bryanston","AUC247","1320.00","ZAR","1","Direct","0.00","4713058","kim@troika-iw.com","27825597512","Storage Genie","PO Box 650721","Benmore","","","","2010","ZA","0118840775","","Active","2015-03-01","","Y","Y","0.00","2016-01-01","2015-12-02","2015-11-03",
"265647","Troika Imagineering Works (Pty) Ltd","144181","Unit no 54 Bryanston","AUC140","1270.00","ZAR","1","Direct","0.00","4713127","kim@troika-iw.com","27825597512","Storage Genie","PO Box 650721","Benmore","","","","2010","ZA","0118840775","","Active","2014-02-02","","Y","Y","0.00","2016-01-01","2015-12-02","2015-11-03",
"265680","Unallocated, 2013-12-19	 ACB CREDIT 4492 BALLANCE ","150303","Unallocated Funds","AUC143","2219.05","ZAR","1","Direct","10933.78","2912656","","","Storage Genie","","","","","","","ZA","","","Inactive","2013-12-24","","N","N","0.00","2013-12-24","2016-01-07","",
"343917","Van Aardt, Kevin","139226","Unit no 6 Bryanston","AUC251","1799.99","ZAR","1","Direct","0.00","3929150","vanaardk@gmail.com","27827742814","Storage Genie","20 Bryanston Hills","10 John Street","","Bryanston","","2091","ZA","27114634020","","Inactive","2015-03-06","","Y","Y","0.00","2015-05-01","2015-03-30","",
"265064","Van Den Berg, Andrew Jonathan","150017","Paid into incorrect acc","AUC136","1050.00","ZAR","1","Direct","0.00","2904636","","","Storage Genie","","","","","","","ZA","","","Inactive","2013-12-19","","N","N","0.00","2013-12-19","2013-11-28","",
"241428","Van Den Berg, Pieter","146998","Unit no 52 Bryanston","AUC257","1100.00","ZAR","1","Direct","-105.00","4713125","p.remove@mweb.co.za","27722807878","Storage Genie","59 Alexander Street","","","Johannesburg ","","2400","ZA","27116832227","","Active","2015-05-01","","Y","Y","0.00","2016-01-01","2015-12-23","2016-01-18",
"241428","Van Den Berg, Pieter","138008","Unit no 96 Bryanston","AUC30","2180.00","ZAR","1","Direct","-3620.00","4713170","p.remove@mweb.co.za","27722807878","Storage Genie","59 Alexander Street","","","Johannesburg ","","2400","ZA","27116832227","","Active","2013-07-29","","Y","Y","0.00","2016-01-01","2015-11-25","2016-01-18",
"241428","Van Den Berg, Pieter","138005","Unit no 97 Bryanston","AUC29","2180.00","ZAR","1","Direct","-3620.00","4713171","p.remove@mweb.co.za","27722807878","Storage Genie","59 Alexander Street","","","Johannesburg ","","2400","ZA","27116832227","","Active","2013-07-29","","Y","Y","0.00","2016-01-01","2015-11-25","2016-01-18",
"241428","Van Den Berg, Pieter","137611","Unit no 2 Bryanston","AUC21","855.00","ZAR","1","Direct","0.00","2587184","p.remove@mweb.co.za","27722807878","Storage Genie","59 Alexander Street","","","Johannesburg ","","2400","ZA","27116832227","","Inactive","2013-07-24","","Y","Y","0.00","2015-04-01","2015-02-13","2016-01-18",
"241428","Van Den Berg, Pieter","137614","Unit no 5 Bryanston","AUC22","855.00","ZAR","1","Direct","0.00","2587373","p.remove@mweb.co.za","27722807878","Storage Genie","59 Alexander Street","","","Johannesburg ","","2400","ZA","27116832227","","Inactive","2013-07-24","","Y","Y","0.00","2013-10-01","2013-09-10","2016-01-18",
"311585","Van Der Merwe, Lambert","139231","Unit no 113 Bryanston","AUC216","2540.00","ZAR","1","Direct","0.00","4713062","lambertontallesttree@gmail.com","27833821969","Storage Genie","12 Blackenfen Mews","","","Bryanston","","2060","ZA","27118069470","","Active","2014-12-01","","Y","Y","0.00","2015-12-01","2015-11-25","2015-06-02",
"256253","Van Wyk, Duane","145346","Unit no 43 Bryanston","AUC97","237.11","ZAR","1","Direct","0.05","2786403","duanevanwyk@yahoo.com","27828538209","Storage Genie","7 Beech Street","","","Sandton ","","2194","ZA","27114673065","","Inactive","2013-10-29","","Y","Y","0.00","2014-03-01","2014-03-01","",
"263390","Van Wyk, Martin","141783","Unit no 136 Bryanston","AUC121","1330.00","ZAR","1","DO","0.00","4713084","martin@mvw.co.za","27828519911","Storage Genie","5 Nederburg Crescent","Hurlingham Manor","","Sandton","","2140","ZA","27113261705","","Active","2014-01-01","","N","N","0.00","2016-01-01","2016-01-01","",
"253661","Wakely-Smith Lattuca Inc.","143837","Unit no 125 Bryanston","AUC90","677.46","ZAR","1","Direct","0.00","2754445","marcelle@wakely.co.za","27828077721","Storage Genie","33 Peter Place","Lyme Park","","Bryanston","","2191","ZA","27117067032","","Inactive","2013-10-14","","Y","Y","0.00","2014-10-01","2014-11-15","",
"261789","Walker, Lisa Sharon","147553","Unit no 50 Bryanston","AUC123","1270.00","ZAR","1","Direct","-1425.00","4713123","lkoyd@tharisa.com","27728807269","Storage Genie","31 Highbury","Anslow Raod","","Bryanston","","2021","ZA","27119963500","","Active","2016-01-01","","Y","Y","0.00","2016-01-01","2015-12-24","2016-01-18",
"261789","Walker, Lisa Sharon","148419","Unit no 34 Bryanston","AUC119","1050.05","ZAR","1","Direct","0.00","2857869","lkoyd@tharisa.com","27728807269","Storage Genie","31 Highbury","Anslow Raod","","Bryanston","","2021","ZA","27119963500","","Inactive","2013-11-28","","Y","Y","0.00","2013-11-28","2013-11-27","2016-01-18",
"315635","White, James","173879","Unit no 11 Bryanston","AUC223","1649.99","ZAR","1","Direct","0.00","3590571","james@cafeflava.co.za","27824585816","Storage Genie","No 8 Valriche","Broadacres","","Johannesburg","","2062","ZA","27112750127","","Inactive","2014-11-01","","N","N","0.00","2014-12-01","2014-10-23","",
"300717","Wiggill, DM","142133","Unit no 81  Bryanston","AUC189","1330.00","ZAR","1","Direct","-19050.00","4713156","dmwiggill@gmail.com","27825093318","Storage Genie","Unit 53 Crawford Manor","","Douglasdale","Randburg","","2194","ZA","","","Active","2014-08-01","","Y","Y","0.00","2016-01-01","2014-11-04","2016-01-18",
"244878","Wilkins, Corlia","139247","Unit no 109 Bryanston","AUC42","524.19","ZAR","1","Direct","106.50","2629995","wilkinsc@resilient.co.za","27832252353","Storage Genie","95 9th Street","","","Parkhurst","","2193","ZA","27116126800","","Inactive","2013-08-14","","Y","Y","0.00","2014-10-01","2014-10-01","",
"291815","Williams, Shaun","148419","Unit no 34 Bryanston","AUC175","990.00","ZAR","1","Direct","0.00","3270683","shaun@jetmusic.co.za","27826117633","Storage Genie","3 Flint Farm","Tessa Road","","Riverclub","","2194","ZA","27113263813","","Inactive","2014-06-06","","Y","Y","0.00","2015-04-01","2015-05-21","2015-05-15",
"244317","Willox, Adrian Cowie","139005","Refund","AUC32","7951.00","ZAR","1","Direct","0.10","2622689","","","Storage Genie","","","","","","","ZA","","","Inactive","2013-08-08","","N","N","0.00","2013-08-08","2013-07-05","",
"393496","Wreth, Annette","149597","Unit no 46 Bryanston","AUC297","1330.00","ZAR","1","Direct","0.00","4754569","annette@turnkey123.co.za","27844995813","Storage Genie","Unit 129 Via Firenza","Airdlin Avenue","","Sunninghill","","2157","ZA","27118078142","","Active","2015-10-09","2016-01-31","Y","Y","0.00","2016-01-01","2016-01-01","",
"252888","Yun, Vivien HjeeHyong","134722","Unit no 58 Bryanston","AUC86","650.01","ZAR","1","Direct","120.00","2744558","vivieny@paragon.co.za","27764027066","Storage Genie","202 Broadlands","16 Tyrwhitt Avenue","","Johannesburg","","2196","ZA","27114823781","","Inactive","2013-10-08","","Y","Y","0.00","2015-09-01","2015-10-01","2015-09-02",
"280707","Zascosol (Pty) Ltd","157544","Unit no 60 Bryanston","AUC157","1330.00","ZAR","1","DO","0.00","4713134","rasheed@gmfamily.co.za","27845165993","Storage Genie","Unit 62 Maldonado","Marine Parade","","Durban","","4000","ZA","27318262022","","Active","2014-08-01","","Y","Y","0.00","2016-01-01","2016-01-01","",
